cus_id,firstName,lastName,age,sex,retired,dependants,marital_status,salary,pension,company,commute_distance,address_postcode
IainDixon64,Iain,Dixon,64,Male,False,2,single,56185,0,Hudson PLC,14.1,G2J 0FH
JayneWilson69,Jayne,Wilson,69,Female,False,1,divorced,36872,0,"Wall, Reed and Whitehouse",10.47,TD95 7FL
HollyPope55,Holly,Pope,55,Female,False,2,married or civil partner,93150,0,Jones PLC,19.59,W2U 0FT
RebeccaCarter72,Rebecca,Carter,72,Female,False,3,married or civil partner,33947,0,Jarvis and Sons,9.84,NR5R 6JQ
CarlyNicholson28,Carly,Nicholson,28,Female,False,1,married or civil partner,80933,0,"Coleman, Daniels and Wilson",17.92,M6 1QS
GuyParker60,Guy,Parker,60,Male,False,1,married or civil partner,39507,0,Collins-Ali,11.01,E28 5YN
BrandonCollins32,Brandon,Collins,32,Male,False,2,single,62774,0,"Hamilton, Roberts and Graham",15.19,LU9X 4BG
EllieBuckley58,Ellie,Buckley,58,Female,False,1,married or civil partner,72728,0,Hawkins-Alexander,16.73,AB5 4JN
RachelFry37,Rachel,Fry,37,Female,False,2,single,59523,0,Cook-Hill,14.66,G86 1AD
JosephineJames49,Josephine,James,49,Female,False,2,widowed,83663,0,Craig Inc,18.3,TR2 0FZ
DarrenSaunders27,Darren,Saunders,27,Male,False,1,single,27505,0,Bryan-Faulkner,8.36,DL8H 8TB
KennethAli64,Kenneth,Ali,64,Male,False,2,single,52443,0,Williams and Sons,13.45,M87 6LU
MelanieSimpson34,Melanie,Simpson,34,Female,False,4,married or civil partner,42742,0,"Wyatt, Brookes and Brooks",11.66,N10 1AD
NicolaGordon71,Nicola,Gordon,71,Female,True,5,married or civil partner,86238,13497,N/A,0,G0C 3NZ
MohamedJones74,Mohamed,Jones,74,Male,False,3,married or civil partner,97476,0,"Robinson, Jones and Carter",20.15,S8K 6GY
HeatherHarris65,Heather,Harris,65,Female,False,2,single,98582,0,Nelson PLC,20.3,IV5P 7XU
RoyMason20,Roy,Mason,20,Male,False,1,married or civil partner,93830,0,"Newman, Hussain and Jones",19.68,L4T 2DH
PaulRobertson89,Paul,Robertson,89,Male,True,1,single,19460,15139,N/A,0,L20 7XU
AmberDickinson87,Amber,Dickinson,87,Female,True,2,single,93610,30703,N/A,0,GU8B 3LL
JaneKirk43,Jane,Kirk,43,Female,False,1,widowed,77476,0,Wright and Sons,17.43,DE9 0PE
RebeccaColeman67,Rebecca,Coleman,67,Female,False,2,married or civil partner,74103,0,Hughes-Walker,16.93,W22 0FH
BrianRobinson62,Brian,Robinson,62,Male,False,3,married or civil partner,86654,0,McKenzie-Richardson,18.72,M1 1GD
MartynWard50,Martyn,Ward,50,Male,False,2,single,60327,0,Freeman-Cook,14.79,HS8H 7TN
TomBarnett41,Tom,Barnett,41,Male,False,,married or civil partner,76097,0,"Smith, Burton and Bishop",17.22,L94 2UL
RosieBarrett33,Rosie,Barrett,33,Female,False,1,married or civil partner,58507,0,Walton Ltd,14.49,G48 0GA
AbigailTaylor46,Abigail,Taylor,46,Female,False,2,married or civil partner,64154,0,Williams PLC,15.41,FY9 7DX
JemmaJones80,Jemma,Jones,80,Female,True,3,single,68428,23493,N/A,0,M2 1LP
MathewLee86,Mathew,Lee,86,Male,True,2,single,54853,26642,N/A,0,B92 2AR
MartinScott61,Martin,Scott,61,Male,False,2,married or civil partner,83375,0,Taylor PLC,18.26,S0 6JJ
DenisPerry44,Denis,Perry,44,Male,False,1,single,96478,0,"Davies, Weston and Davey",20.02,E73 4SY
YvonneHughes58,Yvonne,Hughes,58,Female,False,2,married or civil partner,74158,0,Barber and Sons,16.94,S95 0SH
JudithYoung65,Judith,Young,65,Female,False,2,married or civil partner,26129,0,Browne Group,8.02,N36 8AH
MarilynGill83,Marilyn,Gill,83,Female,True,3,married or civil partner,54275,18554,N/A,0,AB8A 3AD
DanielHudson31,Daniel,Hudson,31,Male,False,1,married or civil partner,94360,0,Reid Ltd,19.75,W84 1AA
LucyPatel25,Lucy,Patel,25,Female,False,2,married or civil partner,35194,0,"Ryan, Black and Johnson",10.11,E01 5HB
ValerieRichardson74,Valerie,Richardson,74,Female,False,1,single,91913,0,Clark-Riley,19.43,G2G 6RP
CameronAtkinson34,Cameron,Atkinson,34,Male,False,2,married or civil partner,75135,0,Hughes Ltd,17.08,WC3A 0JE
JeanMann37,Jean,Mann,37,Female,False,1,single,38163,0,"Harrison, Farrell and James",10.74,TS7 8BF
LeonardLong76,Leonard,Long,76,Male,True,3,divorced,96231,17155,N/A,0,NG6R 9LX
BradleyJones63,Bradley,Jones,63,Male,False,3,single,38234,0,Pearson and Sons,10.75,E67 9NA
NormanParkinson45,Norman,Parkinson,45,Male,False,1,single,84068,0,"Barker, Kerr and Robinson",18.36,WS4 5HL
KarlBrady53,Karl,Brady,53,Male,False,4,single,23374,0,Lawrence Ltd,7.32,G38 3ET
EricWallis69,Eric,Wallis,69,Male,True,3,widowed,68636,20451,N/A,0,M0 9SW
LeonardNelson38,Leonard,Nelson,38,Male,False,2,married or civil partner,17048,0,Smith-Wall,5.52,NE73 8DY
StevenWilson38,Steven,Wilson,38,Male,False,1,married or civil partner,81630,0,"Richardson, Parker and Brown",18.02,NE0 6LH
JustinRobinson26,Justin,Robinson,26,Male,False,3,single,47249,0,Harris Ltd,12.51,CO7A 1AA
KateGreen76,Kate,Green,76,Female,True,4,married or civil partner,85322,25208,N/A,0,WA2X 6NB
ScottLyons61,Scott,Lyons,61,Male,False,1,married or civil partner,89576,0,Lee and Sons,19.11,CO0 8JQ
HelenGriffin54,Helen,Griffin,54,Female,False,2,single,59384,0,"Roberts, Page and Wilson",14.63,G8 7HY
AndreaGreen75,Andrea,Green,75,Female,True,5,married or civil partner,62239,32781,N/A,0,W4U 5TF
SamuelKennedy35,Samuel,Kennedy,35,Male,False,2,married or civil partner,63146,0,Shah-Walsh,15.25,IM9E 4AP
JamieWebb33,Jamie,Webb,33,Male,False,2,divorced,86806,0,Turnbull-Young,18.74,DG2P 3LL
GeorgiaThompson22,Georgia,Thompson,22,Female,False,1,married or civil partner,36827,0,Wyatt Group,10.46,G7B 7NN
SamuelAnderson45,Samuel,Anderson,45,Male,False,2,single,65161,0,"Bennett, Jones and Hunt",15.57,G28 7TA
DanielleSullivan47,Danielle,Sullivan,47,Female,False,2,single,55173,0,Taylor-Moss,13.92,L7 1SP
HeatherWalker42,Heather,Walker,42,Female,False,3,widowed,38699,0,Williams-Powell,10.85,PR6V 3YT
ScottWong37,Scott,Wong,37,Male,False,2,widowed,68686,0,Ahmed Ltd,16.11,LE59 4PS
GlenHunt56,Glen,Hunt,56,Male,False,2,married or civil partner,79133,0,Harper PLC,17.66,W6C 9FQ
AbbiePrice37,Abbie,Price,37,Female,False,1,married or civil partner,23237,0,Johnson and Sons,7.28,HD32 0HG
ConorThomas84,Conor,Thomas,84,Male,True,2,married or civil partner,62799,30744,N/A,0,WV1V 2FN
JennaEvans86,Jenna,Evans,86,Female,True,2,married or civil partner,86455,28295,N/A,0,E76 4TN
GuyEvans44,Guy,Evans,44,Male,False,3,divorced,46988,0,Green LLC,12.46,BB2 9XX
DenisCook57,Denis,Cook,57,Male,False,2,divorced,21289,0,Francis Group,6.76,WD5 4HF
ChelseaBrooks57,Chelsea,Brooks,57,Female,False,1,single,17928,0,Marshall Inc,5.79,CW9N 4QB
AliceMatthews39,Alice,Matthews,39,Female,False,2,married or civil partner,80394,0,Bibi-Parry,17.84,CW8B 3TA
HeatherBrown56,Heather,Brown,56,Female,False,2,single,82871,0,Walton Inc,18.19,LD73 8SL
JoanLewis66,Joan,Lewis,66,Female,False,2,married or civil partner,22958,0,Lawrence-Ali,7.21,CW8 0BF
AlisonBrooks82,Alison,Brooks,82,Female,True,2,married or civil partner,32579,10514,N/A,0,E71 8WG
CarolynNixon69,Carolyn,Nixon,69,Female,False,2,single,79541,0,Phillips Ltd,17.72,CR8M 9DG
MarilynParsons19,Marilyn,Parsons,19,Female,False,2,single,96468,0,"Lewis, Taylor and Ford",20.02,L5T 6UY
BarbaraGardiner89,Barbara,Gardiner,89,Female,True,1,married or civil partner,56365,28712,N/A,0,E6 2YU
BethCole32,Beth,Cole,32,Female,False,2,married or civil partner,52512,0,"Young, Blake and Pollard",13.46,N0C 1YY
HowardFaulkner40,Howard,Faulkner,40,Male,False,1,single,33986,0,Parkin Ltd,9.85,SK20 1HE
SophieEdwards59,Sophie,Edwards,59,Female,False,1,married or civil partner,28922,0,Hodgson PLC,8.7,TQ88 6QD
JulianDavidson47,Julian,Davidson,47,Male,False,2,married or civil partner,41830,0,Smart LLC,11.48,G4 4UU
RyanKent85,Ryan,Kent,85,Male,True,2,single,91791,26404,N/A,0,GL7Y 1SX
RosemaryWilliams22,Rosemary,Williams,22,Female,False,,married or civil partner,82726,0,Hughes-Miller,18.17,EC61 2AB
JuneTucker83,June,Tucker,83,Female,True,5,single,92816,41236,N/A,0,FY5 5AG
PatrickNorton35,Patrick,Norton,35,Male,False,3,married or civil partner,50233,0,"Wright, Roberts and Harris",13.06,G3 7TH
BradleyLewis47,Bradley,Lewis,47,Male,False,2,divorced,30075,0,Smith-Hewitt,8.97,LD3 5DE
LesleyRyan85,Lesley,Ryan,85,Female,True,2,single,88273,20423,N/A,0,E50 3RU
JennaJones76,Jenna,Jones,76,Female,False,2,married or civil partner,17063,0,Mills Ltd,5.52,LE80 7FL
AbbieDoherty76,Abbie,Doherty,76,Female,True,3,divorced,23568,25998,N/A,0,B6 2QN
RoyReid32,Roy,Reid,32,Male,False,2,married or civil partner,25846,0,"Jones, Perkins and Butler",7.95,L2F 1YW
LeanneBurns20,Leanne,Burns,20,Female,False,3,married or civil partner,73393,0,"Hutchinson, Sinclair and Foster",16.83,HR4 2QL
SamFoster88,Sam,Foster,88,Male,True,1,married or civil partner,73900,22571,N/A,0,B36 9AB
JoshuaSmith43,Joshua,Smith,43,Male,False,1,married or civil partner,38509,0,Quinn Ltd,10.81,N3T 8BS
HughHoughton30,Hugh,Houghton,30,Male,False,1,single,86693,0,"Lawrence, Brennan and Russell",18.72,G63 2SQ
NatashaKennedy51,Natasha,Kennedy,51,Female,False,1,single,31677,0,Green-Evans,9.34,SO80 2HD
SallyStevens87,Sally,Stevens,87,Female,True,2,widowed,55777,16670,N/A,0,SG5 8AP
JacobHumphreys35,Jacob,Humphreys,35,Male,False,2,married or civil partner,21881,0,"Williams, Cross and Cox",6.92,B56 4NX
LouiseMetcalfe65,Louise,Metcalfe,65,Female,False,2,widowed,43922,0,Yates Group,11.88,KY86 2FT
SamanthaWallace62,Samantha,Wallace,62,Female,False,2,single,90902,0,Scott-Smith,19.29,E4F 8GW
BillyWalker29,Billy,Walker,29,Male,False,4,married or civil partner,48086,0,Singh-Wells,12.67,DE25 1DD
RebeccaSmith78,Rebecca,Smith,78,Female,True,5,single,69035,12417,N/A,0,N1J 7WX
GregoryBurke32,Gregory,Burke,32,Male,False,2,married or civil partner,91509,0,Reid Group,19.37,W1 1SX
RichardJones52,Richard,Jones,52,Male,False,1,married or civil partner,52429,0,Adams-Archer,13.45,DN7 6LW
AllanJohnson45,Allan,Johnson,45,Male,False,3,married or civil partner,69053,0,Williams-Patel,16.17,LL50 9GL
SharonFitzgerald29,Sharon,Fitzgerald,29,Female,False,3,single,93074,0,"Douglas, Collins and Cooper",19.58,M0 4HH
FrederickWalker77,Frederick,Walker,77,Male,True,3,single,73187,22253,N/A,0,BH7N 6AL
KayleighHolmes64,Kayleigh,Holmes,64,Female,False,1,single,33690,0,Smith-Webster,9.79,DA69 7EL
DeclanFinch23,Declan,Finch,23,Male,False,3,widowed,36402,0,"Lewis, Ball and Allen",10.37,HP6 1GJ
CherylWalker20,Cheryl,Walker,20,Female,False,,single,88655,0,Coates-Price,18.99,N42 9HU
OliverBooth90,Oliver,Booth,90,Male,True,3,single,94660,28617,N/A,0,GY43 9FG
JaneJones24,Jane,Jones,24,Female,False,2,single,91308,0,Hill Ltd,19.34,G65 9NA
PhillipMahmood19,Phillip,Mahmood,19,Male,False,2,divorced,93723,0,Carr-Grant,19.66,M5 5QZ
CarlyPope38,Carly,Pope,38,Female,False,3,single,70951,0,"O'Donnell, Evans and King",16.46,W3 9XG
StephenRyan48,Stephen,Ryan,48,Male,False,2,married or civil partner,19582,0,Humphries-Bishop,6.27,E0F 5YW
NicholasBarlow52,Nicholas,Barlow,52,Male,False,2,single,96219,0,Jones-Wallace,19.99,S8D 7AG
CharleneParkin57,Charlene,Parkin,57,Female,False,2,single,33408,0,"Lowe, Cox and Saunders",9.73,M8D 9HJ
ValerieScott29,Valerie,Scott,29,Female,False,2,married or civil partner,77943,0,Begum Ltd,17.49,PA70 0NL
GraceRoberts63,Grace,Roberts,63,Female,False,3,married or civil partner,94261,0,Clarke and Sons,19.74,NG03 5LH
MarcCooper85,Marc,Cooper,85,Male,True,2,divorced,23389,25166,N/A,0,L5 3ZH
RachelJones66,Rachel,Jones,66,Female,False,1,single,81080,0,"Patel, Roberts and Smith",17.94,G10 1JS
HughSmith81,Hugh,Smith,81,Male,True,2,single,57199,18675,N/A,0,E9 6LU
GordonLawson28,Gordon,Lawson,28,Male,False,2,married or civil partner,34775,0,Gould-Mills,10.02,TN3H 5ZE
ConnorAhmed41,Connor,Ahmed,41,Male,False,2,married or civil partner,39736,0,Turner PLC,11.06,CW35 0AB
KellyNicholson75,Kelly,Nicholson,75,Female,False,1,single,80994,0,Carr-Kaur,17.93,CR82 5UT
SeanPickering32,Sean,Pickering,32,Male,False,2,married or civil partner,35473,0,Douglas-Payne,10.17,N9H 4WL
BethanSlater53,Bethan,Slater,53,Female,False,2,married or civil partner,50069,0,Morton and Sons,13.03,L7 2JQ
DonaldHarrison38,Donald,Harrison,38,Male,False,3,married or civil partner,52950,0,Turner PLC,13.54,N43 2JB
MarcusWalters66,Marcus,Walters,66,Male,False,5,married or civil partner,25716,0,Parry PLC,7.92,HU9P 6YR
KatyGilbert50,Katy,Gilbert,50,Female,False,5,married or civil partner,34775,0,Walker-Kent,10.02,B0 4JR
RickyDuffy21,Ricky,Duffy,21,Male,False,1,single,24385,0,"Owen, Simmons and Graham",7.58,E77 8TU
GeraldineMason44,Geraldine,Mason,44,Female,False,3,single,22789,0,Mellor and Sons,7.16,G3 8SP
HughLambert65,Hugh,Lambert,65,Male,False,5,single,93561,0,"Wood, Ali and Singh",19.64,N08 4QN
RichardRoberts62,Richard,Roberts,62,Male,False,4,married or civil partner,58459,0,Jenkins-Dixon,14.48,PH8E 4TT
AnnetteWallace88,Annette,Wallace,88,Female,True,5,single,29214,32067,N/A,0,L7 3FY
MaureenGoodwin23,Maureen,Goodwin,23,Female,False,2,married or civil partner,61039,0,Brown LLC,14.9,OX2 8YE
LeeArcher32,Lee,Archer,32,Male,False,3,married or civil partner,45107,0,Lee-Barker,12.11,KY8 5WD
CharlotteMcCarthy42,Charlotte,McCarthy,42,Female,False,1,single,98403,0,Wilson-Fletcher,20.27,EC40 7EH
JuliaParsons91,Julia,Parsons,91,Female,True,2,single,32712,23774,N/A,0,N3 4RX
ChristineJones62,Christine,Jones,62,Female,False,1,married or civil partner,81575,0,Cooper-Johnson,18.01,B5 0UP
CliffordPrice70,Clifford,Price,70,Male,False,2,married or civil partner,40143,0,"Fox, Grant and Johnson",11.14,KA3W 9UP
JamieIngram38,Jamie,Ingram,38,Male,False,1,married or civil partner,72522,0,"Cole, Stevens and Sullivan",16.7,M91 0UL
JosephEdwards87,Joseph,Edwards,87,Male,True,2,single,25165,24377,N/A,0,L5 8LR
HelenMoss26,Helen,Moss,26,Female,False,2,married or civil partner,33497,0,Wilson LLC,9.75,W7K 6NW
KimberleyBooth89,Kimberley,Booth,89,Female,True,,single,28687,17782,N/A,0,G2F 3LP
MichelleDavison41,Michelle,Davison,41,Female,False,4,married or civil partner,41262,0,Cole and Sons,11.37,S1 5GD
FrederickGardner87,Frederick,Gardner,87,Male,True,2,married or civil partner,79950,18086,N/A,0,OL3P 4LN
TrevorCampbell18,Trevor,Campbell,18,Male,False,1,single,21091,0,Pearce-Newton,6.7,M5 0ZB
EdwardRobinson68,Edward,Robinson,68,Male,False,1,married or civil partner,72717,0,"Middleton, Barker and Jennings",16.73,CT2 4BQ
JulieWhitehouse61,Julie,Whitehouse,61,Female,True,2,single,34273,18907,N/A,0,CF16 3RP
ElliottJones67,Elliott,Jones,67,Male,False,1,single,51674,0,Parker Ltd,13.31,S70 3TA
AbbieSmith42,Abbie,Smith,42,Female,False,4,divorced,71882,0,Fisher-Johnson,16.6,HP3 1FP
OwenJones55,Owen,Jones,55,Male,False,2,married or civil partner,63538,0,North-Stevens,15.31,BA7 6BF
RachaelClark71,Rachael,Clark,71,Female,True,2,married or civil partner,44162,11738,N/A,0,S6 7RB
MariaDavies44,Maria,Davies,44,Female,False,1,divorced,24238,0,Murray-Payne,7.54,B1 4UP
DaleBibi79,Dale,Bibi,79,Male,True,1,single,21949,33359,N/A,0,CM3 2YW
AndrewMyers43,Andrew,Myers,43,Male,False,1,married or civil partner,23867,0,"Ellis, Doyle and Holloway",7.45,UB91 3TE
FionaAdams73,Fiona,Adams,73,Female,True,2,single,65585,22136,N/A,0,G0G 0AU
AmeliaBarnett26,Amelia,Barnett,26,Female,False,3,widowed,45945,0,"Parker, Green and Holland",12.27,AL6 0ZG
HowardGriffiths74,Howard,Griffiths,74,Male,False,2,married or civil partner,37602,0,Harris-Williams,10.62,W0K 1LJ
DeclanJones19,Declan,Jones,19,Male,False,1,married or civil partner,66975,0,Young Inc,15.85,WA3 1WN
KarlJones18,Karl,Jones,18,Male,False,2,divorced,90080,0,McDonald-Foster,19.18,HX2B 4FH
JosephBarnes50,Joseph,Barnes,50,Male,False,2,single,89255,0,"Lee, Taylor and Murphy",19.07,E9D 3PF
DenisHope85,Denis,Hope,85,Male,True,1,married or civil partner,27057,28776,N/A,0,E5 3WZ
NatashaDean63,Natasha,Dean,63,Female,False,2,single,79920,0,Murray-Chambers,17.78,BH6 8EB
KieranRobinson58,Kieran,Robinson,58,Male,False,2,single,34506,0,Carr-Jones,9.97,B69 9SB
DarrenBarnes25,Darren,Barnes,25,Male,False,,single,41428,0,"Phillips, Jones and Williams",11.4,E69 7YW
AlexandraWatson38,Alexandra,Watson,38,Female,False,1,widowed,41913,0,"Williams, Dale and Hall",11.49,M7K 0ES
LewisJones73,Lewis,Jones,73,Male,False,5,married or civil partner,73027,0,"Burns, Hall and Williams",16.77,M4 8SZ
EllieAllen23,Ellie,Allen,23,Female,False,3,married or civil partner,25075,0,Barton Ltd,7.76,DA4 8EU
FrancesTucker71,Frances,Tucker,71,Female,True,3,single,75233,32995,N/A,0,LD80 2XN
HannahCooke67,Hannah,Cooke,67,Female,False,3,married or civil partner,44694,0,Kaur-Brown,12.03,WA1R 8YU
LouisElliott65,Louis,Elliott,65,Male,False,4,single,88203,0,Henderson-Wilkinson,18.93,W7G 8LW
BeverleyAnderson19,Beverley,Anderson,19,Female,False,1,married or civil partner,39953,0,Shah LLC,11.1,W2 3NE
JuliaHurst70,Julia,Hurst,70,Female,False,1,single,70800,0,Khan and Sons,16.44,B24 2PA
MarcusYates24,Marcus,Yates,24,Male,False,,single,89910,0,"Williams, Foster and Smith",19.16,L7J 0GZ
MarcusMorris58,Marcus,Morris,58,Male,False,2,widowed,22060,0,Sanders PLC,6.97,ML13 8EX
PhillipAllen54,Phillip,Allen,54,Male,False,2,married or civil partner,44462,0,"Hughes, Allen and Lawrence",11.99,HS10 2GQ
StephanieAustin28,Stephanie,Austin,28,Female,False,1,single,19869,0,"King, Taylor and Wilson",6.36,W32 7JR
JanetBriggs32,Janet,Briggs,32,Female,False,1,married or civil partner,71028,0,Saunders PLC,16.47,TQ6 8BU
AnnaRichardson34,Anna,Richardson,34,Female,False,1,married or civil partner,78008,0,Green and Sons,17.5,L8 3WR
StaceySullivan68,Stacey,Sullivan,68,Female,False,2,married or civil partner,34858,0,Marshall PLC,10.04,S3A 1BZ
LaurenHawkins67,Lauren,Hawkins,67,Female,False,2,married or civil partner,64586,0,Price and Sons,15.47,EC09 7EJ
LydiaHarvey77,Lydia,Harvey,77,Female,True,2,divorced,58339,32693,N/A,0,E1S 8UR
HayleyJarvis48,Hayley,Jarvis,48,Female,False,2,single,76829,0,Mason-Briggs,17.33,LE1 1HS
StephenNash43,Stephen,Nash,43,Male,False,2,married or civil partner,85585,0,Pugh-Lynch,18.57,BB5A 4WN
HowardSmart37,Howard,Smart,37,Male,False,3,single,44439,0,Hill LLC,11.98,TF20 5BD
NicolaMorris34,Nicola,Morris,34,Female,False,5,married or civil partner,61392,0,Dixon-Foster,14.96,S9 5GR
GeraldinePatel24,Geraldine,Patel,24,Female,False,2,married or civil partner,21046,0,Marsh and Sons,6.69,OL80 1PZ
CharleneFarrell55,Charlene,Farrell,55,Female,False,1,single,56656,0,"Fletcher, Ellis and Fisher",14.18,G95 1ZU
DarrenTucker77,Darren,Tucker,77,Male,True,1,single,79562,38132,N/A,0,HP5W 8DN
NatalieWood68,Natalie,Wood,68,Female,False,2,married or civil partner,20282,0,Jordan Ltd,6.47,DT8B 5UJ
MauriceBruce64,Maurice,Bruce,64,Male,False,2,single,86361,0,Godfrey LLC,18.68,WV16 3TR
ChristopherMarshall38,Christopher,Marshall,38,Male,False,2,single,92595,0,Oliver-Davies,19.52,G3 1RA
DouglasHolloway23,Douglas,Holloway,23,Male,False,3,single,64098,0,Nash PLC,15.4,SR46 4WE
LaurenWalker48,Lauren,Walker,48,Female,False,2,single,73700,0,"Singh, Nash and Taylor",16.87,B8F 2DP
RuthRyan31,Ruth,Ryan,31,Female,False,1,married or civil partner,88776,0,Brown-Chambers,19.0,SP60 7PR
ElliottJones77,Elliott,Jones,77,Male,True,3,married or civil partner,41301,25492,N/A,0,SR4 8RJ
JasonSmith32,Jason,Smith,32,Male,False,3,widowed,62289,0,"Williams, Morgan and Morris",15.11,SP16 5NE
JakeWallace32,Jake,Wallace,32,Male,False,1,married or civil partner,93201,0,"Johnson, Brookes and Young",19.6,E59 4DU
JoshuaStewart50,Joshua,Stewart,50,Male,False,1,married or civil partner,63233,0,Walker-Archer,15.26,E3B 0QY
JoshuaJames26,Joshua,James,26,Male,False,1,married or civil partner,40455,0,"Foster, Morris and Thorpe",11.2,KY3 2RB
SianO'Neill81,Sian,O'Neill,81,Female,True,2,single,69704,16512,N/A,0,EC89 1NE
JenniferSharp53,Jennifer,Sharp,53,Female,False,2,widowed,95965,0,Harris-Walker,19.96,MK73 0TL
JamieMurphy54,Jamie,Murphy,54,Male,False,1,single,31588,0,Griffin Group,9.32,GU4 3HD
LorraineSimpson35,Lorraine,Simpson,35,Female,False,2,divorced,89281,0,"Bailey, Booth and Giles",19.07,NG6 9EA
RebeccaFord68,Rebecca,Ford,68,Female,False,1,married or civil partner,27643,0,"Fox, Evans and Jackson",8.4,ZE83 4DA
GavinWalker91,Gavin,Walker,91,Male,True,2,married or civil partner,52116,27847,N/A,0,L5 4SY
MichaelHoward85,Michael,Howard,85,Male,True,2,single,80347,37185,N/A,0,NG9R 6WW
ClaireWilliams61,Claire,Williams,61,Female,False,3,married or civil partner,56852,0,"Smith, Lawson and Reid",14.21,WS22 1SB
JakeCox82,Jake,Cox,82,Male,True,1,divorced,36900,11346,N/A,0,IP0 0RZ
AmyBell59,Amy,Bell,59,Female,False,5,married or civil partner,65181,0,Patel and Sons,15.57,G2 7RD
MariaGilbert58,Maria,Gilbert,58,Female,False,1,single,41587,0,Brown Group,11.43,B91 7ET
OwenBarnett60,Owen,Barnett,60,Male,False,1,widowed,66965,0,Lane PLC,15.85,N16 5NW
SandraGreen43,Sandra,Green,43,Female,False,5,single,68447,0,"Norman, Savage and Carroll",16.08,G6 3LL
KevinOwen87,Kevin,Owen,87,Male,True,1,married or civil partner,51788,21940,N/A,0,KW94 4GB
LesleyKelly68,Lesley,Kelly,68,Female,False,2,married or civil partner,83479,0,Howard Group,18.28,BB37 9PT
JeremyRyan81,Jeremy,Ryan,81,Male,False,3,divorced,71016,0,Holland PLC,16.47,S7 4QL
JasonBarnes84,Jason,Barnes,84,Male,True,1,single,25724,31494,N/A,0,L37 1RR
KerryWhite37,Kerry,White,37,Female,False,2,married or civil partner,81712,0,"Walker, Lewis and Whitehouse",18.03,DE1 2LF
ShirleyNewman47,Shirley,Newman,47,Female,False,2,single,53446,0,Scott LLC,13.63,SA15 7EH
SamanthaTaylor31,Samantha,Taylor,31,Female,False,1,widowed,57054,0,"Ward, Chambers and Palmer",14.24,ME80 8PJ
KyleLawson63,Kyle,Lawson,63,Male,False,2,married or civil partner,86377,0,Harvey-Adams,18.68,CW07 7QZ
CarlyStokes53,Carly,Stokes,53,Female,False,1,married or civil partner,52884,0,Tyler-West,13.53,S0 4UY
OliviaReid51,Olivia,Reid,51,Female,False,2,married or civil partner,30059,0,Richardson-Edwards,8.97,B7 9EA
TimothyGordon32,Timothy,Gordon,32,Male,False,1,married or civil partner,56153,0,Dennis LLC,14.09,N11 1SZ
MohamedGallagher47,Mohamed,Gallagher,47,Male,False,5,married or civil partner,18852,0,"Wilson, Clark and Riley",6.06,CF74 7JR
RogerBrown28,Roger,Brown,28,Male,False,1,single,93642,0,Hardy and Sons,19.65,HR9 8PL
LesliePhillips86,Leslie,Phillips,86,Male,True,1,single,23055,21270,N/A,0,G2E 9RA
RonaldBishop83,Ronald,Bishop,83,Male,True,1,single,31124,34236,N/A,0,M6 3YB
OwenBenson41,Owen,Benson,41,Male,False,3,divorced,48672,0,"Berry, Knowles and Wright",12.77,SY5 2XX
GemmaO'Brien87,Gemma,O'Brien,87,Female,True,2,single,54335,19224,N/A,0,N74 8UD
OwenMistry87,Owen,Mistry,87,Male,True,3,married or civil partner,23494,10593,N/A,0,M4 0GG
HarrietMurray19,Harriet,Murray,19,Female,False,2,married or civil partner,71165,0,Kaur-Hughes,16.49,E7T 8UU
MathewBennett36,Mathew,Bennett,36,Male,False,3,married or civil partner,92404,0,"Gordon, Williams and O'Neill",19.49,LS2N 3XJ
BryanParkes27,Bryan,Parkes,27,Male,False,2,married or civil partner,48045,0,Williams-Hart,12.66,CV2E 1NY
JulieBrooks76,Julie,Brooks,76,Female,False,3,married or civil partner,29679,0,Smith-French,8.88,DD1Y 5LN
LewisSmith24,Lewis,Smith,24,Male,False,2,single,63892,0,Mitchell-Watson,15.36,N90 7PD
TobyGray85,Toby,Gray,85,Male,True,1,widowed,75530,16851,N/A,0,TD9 0UP
HollieMoore50,Hollie,Moore,50,Female,False,2,married or civil partner,18441,0,"Martin, Watson and Smart",5.94,G2 0XH
RogerKing86,Roger,King,86,Male,True,2,single,87555,30717,N/A,0,SP1 3DP
KayleighAllen61,Kayleigh,Allen,61,Female,False,2,married or civil partner,61383,0,Morrison and Sons,14.96,B51 0HJ
RitaPrice55,Rita,Price,55,Female,False,3,single,45306,0,"Ward, Holloway and Tucker",12.15,DL13 2LP
MargaretHarris23,Margaret,Harris,23,Female,False,5,married or civil partner,51070,0,"Mahmood, Barker and Knight",13.21,E4H 2LA
JaniceDavies84,Janice,Davies,84,Female,True,3,single,44976,25003,N/A,0,SS0 9AZ
JadeLewis51,Jade,Lewis,51,Female,False,1,single,83645,0,Holmes and Sons,18.3,M3J 5EW
RickyDaly19,Ricky,Daly,19,Male,False,2,divorced,26391,0,Lewis-Ahmed,8.09,TR12 3TH
CharlieHussain35,Charlie,Hussain,35,Male,False,3,married or civil partner,41433,0,"Finch, Roberts and Steele",11.4,M3 2UB
BarryMorgan79,Barry,Morgan,79,Male,True,1,married or civil partner,39708,19560,N/A,0,S69 2YA
SianDonnelly21,Sian,Donnelly,21,Female,False,2,single,17854,0,Moore Inc,5.77,KY9 7DF
ShannonMoore41,Shannon,Moore,41,Female,False,3,married or civil partner,45602,0,Riley-Edwards,12.2,TW3M 1JW
MargaretFoster54,Margaret,Foster,54,Female,False,3,single,92666,0,Hamilton-Burgess,19.53,WA2M 6GQ
BarbaraLucas53,Barbara,Lucas,53,Female,False,2,married or civil partner,18217,0,"Coleman, Bird and Foster",5.87,E2H 0PN
MatthewBrown74,Matthew,Brown,74,Male,True,2,married or civil partner,67100,28391,N/A,0,NP0 4FF
GlenBaker26,Glen,Baker,26,Male,False,2,married or civil partner,87446,0,Thompson Ltd,18.82,AB4 1TY
ZoeGoddard22,Zoe,Goddard,22,Female,False,1,widowed,86359,0,"Baldwin, Hardy and Lee",18.68,G9S 0XF
JulianCook82,Julian,Cook,82,Male,True,3,married or civil partner,97767,31193,N/A,0,L3G 9TN
FionaO'Connor51,Fiona,O'Connor,51,Female,False,2,married or civil partner,73262,0,Middleton Group,16.81,EC27 7ZW
JoshBall75,Josh,Ball,75,Male,False,1,single,24259,0,Law-Gregory,7.55,N53 4DQ
JeffreyCameron46,Jeffrey,Cameron,46,Male,False,1,single,70825,0,Clark Ltd,16.44,PR51 8GF
AnthonyYoung19,Anthony,Young,19,Male,False,1,married or civil partner,28759,0,"Hanson, Ball and Gill",8.66,DA8 2LX
CarolBrown18,Carol,Brown,18,Female,False,3,widowed,71556,0,"Harrison, Rowley and Short",16.55,ST6 6SB
SuzanneJackson86,Suzanne,Jackson,86,Female,True,1,divorced,33814,31560,N/A,0,S75 9ZW
ChristopherGray61,Christopher,Gray,61,Male,False,3,married or civil partner,80980,0,"Price, Barnett and Davies",17.93,CW7P 8EU
AndreaThomas51,Andrea,Thomas,51,Female,False,1,divorced,90260,0,Martin-Smith,19.2,BT47 8UD
DennisWhittaker27,Dennis,Whittaker,27,Male,False,2,divorced,64242,0,Hopkins-Shepherd,15.42,WN9W 5JP
BethStephenson84,Beth,Stephenson,84,Female,True,2,married or civil partner,63010,24707,N/A,0,E89 7YU
BernardEvans41,Bernard,Evans,41,Male,False,3,single,17177,0,Cooper PLC,5.56,DN2 3AD
AmberFreeman90,Amber,Freeman,90,Female,True,1,single,41698,32436,N/A,0,W0 8PE
MichaelGriffiths52,Michael,Griffiths,52,Male,False,2,married or civil partner,85525,0,Powell and Sons,18.56,G1C 9TZ
JackTaylor90,Jack,Taylor,90,Male,True,2,married or civil partner,84431,15553,N/A,0,G1U 9FX
RuthHowells77,Ruth,Howells,77,Female,False,3,single,85639,0,Jackson-Martin,18.58,W74 7NZ
KateWright80,Kate,Wright,80,Female,True,2,single,50027,22107,N/A,0,CF2X 2HT
VictoriaClark34,Victoria,Clark,34,Female,False,4,married or civil partner,40886,0,"Collier, Smith and Evans",11.29,SL0A 0RU
ShannonBegum52,Shannon,Begum,52,Female,False,2,divorced,58919,0,Murray PLC,14.56,S9K 3TB
JordanMills28,Jordan,Mills,28,Male,False,4,married or civil partner,55132,0,Rogers Ltd,13.92,LL37 6WJ
LouisDavies59,Louis,Davies,59,Male,True,3,single,50192,29016,N/A,0,E0 0LX
PaulaField42,Paula,Field,42,Female,False,2,married or civil partner,56520,0,Jones-King,14.15,E1 0HA
MitchellEdwards20,Mitchell,Edwards,20,Male,False,2,single,71063,0,Gill-Stokes,16.48,S2 9ZQ
LaurenAtkinson21,Lauren,Atkinson,21,Female,False,5,married or civil partner,95230,0,Walker and Sons,19.86,WS1 5GQ
SeanCole84,Sean,Cole,84,Male,True,1,divorced,81891,25288,N/A,0,HD59 5QH
JacquelineLittle88,Jacqueline,Little,88,Female,True,2,married or civil partner,49330,20840,N/A,0,E0G 0FF
DianaKelly41,Diana,Kelly,41,Female,False,2,married or civil partner,75561,0,Ahmed-White,17.15,B5E 4QL
EleanorBrown75,Eleanor,Brown,75,Female,True,1,single,43975,24551,N/A,0,PE2 0SB
LukeStephenson27,Luke,Stephenson,27,Male,False,5,single,60354,0,"Sykes, Black and Ward",14.79,LN9 3GB
DuncanPrice24,Duncan,Price,24,Male,False,1,married or civil partner,83808,0,"Foster, Clark and Evans",18.32,E8D 9SQ
RobinDawson66,Robin,Dawson,66,Male,True,4,married or civil partner,83839,35100,N/A,0,N60 0UN
KennethKing19,Kenneth,King,19,Male,False,3,married or civil partner,45275,0,"Stone, Sharpe and Fraser",12.14,TA4 8LD
GemmaEvans37,Gemma,Evans,37,Female,False,1,married or civil partner,64402,0,"Ali, Hughes and Savage",15.45,G4D 8SH
GaryBennett69,Gary,Bennett,69,Male,True,2,divorced,75102,12930,N/A,0,S4 0TB
MargaretRobinson91,Margaret,Robinson,91,Female,True,4,married or civil partner,47813,34011,N/A,0,G1S 4NQ
JoyceBriggs54,Joyce,Briggs,54,Female,False,2,single,95846,0,Hall PLC,19.94,L7 2DG
JosephHughes50,Joseph,Hughes,50,Male,False,2,divorced,46033,0,Atkinson-Sharp,12.29,NR2 2SS
ReeceWatson54,Reece,Watson,54,Male,False,1,married or civil partner,92530,0,Slater-Wheeler,19.51,WD2 1DE
KerryHarris80,Kerry,Harris,80,Female,False,2,married or civil partner,47968,0,"Hart, Smith and Hewitt",12.65,W3 0SA
MauriceClarke81,Maurice,Clarke,81,Male,True,3,single,66669,12100,N/A,0,DN8W 5XR
JaneSingh48,Jane,Singh,48,Female,False,2,married or civil partner,41551,0,"Shaw, Moore and Williams",11.42,N5 8UH
MaxOwen34,Max,Owen,34,Male,False,3,single,38392,0,Morris LLC,10.79,NR34 2BR
LewisSmith40,Lewis,Smith,40,Male,False,2,married or civil partner,84386,0,Edwards PLC,18.4,N8U 2AP
LauraFowler39,Laura,Fowler,39,Female,False,1,married or civil partner,26499,0,Walker Group,8.11,RG45 7HX
JoshuaLane29,Joshua,Lane,29,Male,False,2,married or civil partner,97949,0,Lewis-Johnson,20.21,L97 8AH
AndreaArnold80,Andrea,Arnold,80,Female,True,2,married or civil partner,77734,42358,N/A,0,NE8Y 3QX
KieranRiley57,Kieran,Riley,57,Male,False,1,single,70480,0,Morgan Ltd,16.39,W0 8HZ
BethanWood29,Bethan,Wood,29,Female,False,1,single,96922,0,Butler-Read,20.08,NR29 3AZ
BethanGriffiths70,Bethan,Griffiths,70,Female,True,2,single,17522,13618,N/A,0,N4K 9LE
AmyStone25,Amy,Stone,25,Female,False,1,single,87618,0,Moore Ltd,18.85,G8J 1PY
JadeWatts37,Jade,Watts,37,Female,False,2,single,40344,0,Smart-Pearce,11.18,PO19 6BG
NicoleChan47,Nicole,Chan,47,Female,False,1,single,40040,0,Jennings LLC,11.12,B6W 7TN
BarbaraConway21,Barbara,Conway,21,Female,False,1,single,86851,0,Ward-Ingram,18.74,E1K 1TJ
RebeccaFaulkner83,Rebecca,Faulkner,83,Female,True,4,married or civil partner,88870,27653,N/A,0,W28 5JD
MeganClark39,Megan,Clark,39,Female,False,3,widowed,32745,0,"Butler, Hutchinson and Oliver",9.58,B35 9DH
SaraStewart54,Sara,Stewart,54,Female,False,3,single,24204,0,"Walters, Kemp and Power",7.53,N4 1PA
RussellSmith74,Russell,Smith,74,Male,False,2,married or civil partner,45072,0,Miller PLC,12.1,S1 1ZN
LukeButcher32,Luke,Butcher,32,Male,False,2,married or civil partner,85960,0,Brown-O'Brien,18.62,L7 4UU
GuyPotter56,Guy,Potter,56,Male,False,3,single,70096,0,Thomas-Andrews,16.33,G96 4FF
GeraldTaylor85,Gerald,Taylor,85,Male,True,1,divorced,22165,13837,N/A,0,YO2 0QL
DylanRees24,Dylan,Rees,24,Male,False,5,married or civil partner,37997,0,Nicholls PLC,10.7,W87 8ZZ
RachelFisher67,Rachel,Fisher,67,Female,False,2,single,75208,0,Clark-Lambert,17.09,HU9A 4NZ
GraemeGallagher68,Graeme,Gallagher,68,Male,False,2,married or civil partner,20733,0,Lloyd Inc,6.6,KT7 3NN
KellyWilliams61,Kelly,Williams,61,Female,False,1,married or civil partner,82154,0,Sinclair Ltd,18.09,L0C 8HG
SimonDavies64,Simon,Davies,64,Male,False,3,single,69284,0,Pearson Group,16.21,S4C 0XD
AlexandraHolt58,Alexandra,Holt,58,Female,False,1,married or civil partner,91526,0,Holmes Ltd,19.37,BD6 6SX
CharlesBrennan50,Charles,Brennan,50,Male,False,4,married or civil partner,23550,0,Knight Group,7.36,HS2 0BB
CarolineHarris31,Caroline,Harris,31,Female,False,2,married or civil partner,61284,0,Ward Inc,14.94,S1 2YD
OliverWalker41,Oliver,Walker,41,Male,False,3,married or civil partner,55603,0,White PLC,14.0,BA5P 6ZB
JoanneFisher74,Joanne,Fisher,74,Female,True,2,single,66507,38252,N/A,0,E7 1LJ
CarolEdwards62,Carol,Edwards,62,Female,False,4,widowed,31334,0,Harper Ltd,9.26,HD8 8JD
JaniceFrench49,Janice,French,49,Female,False,1,married or civil partner,34012,0,Barber-Robinson,9.86,CT8 1WL
ScottKhan89,Scott,Khan,89,Male,True,3,married or civil partner,36430,24330,N/A,0,BD21 6QY
DenisShort54,Denis,Short,54,Male,False,2,married or civil partner,97433,0,Goodwin PLC,20.15,SM80 2FS
ReeceWilson20,Reece,Wilson,20,Male,False,2,widowed,69020,0,"Taylor, Thornton and Clark",16.17,N8 7UE
DamienBurrows88,Damien,Burrows,88,Male,True,2,single,97438,19532,N/A,0,ML1B 0YQ
JoshCooper42,Josh,Cooper,42,Male,False,2,single,88918,0,Ahmed-Thompson,19.02,DE87 0GH
LouisGardiner31,Louis,Gardiner,31,Male,False,,widowed,70395,0,"Smith, Robson and Williams",16.38,NN0 0GA
MarcEdwards21,Marc,Edwards,21,Male,False,2,married or civil partner,71644,0,Smith-Alexander,16.56,E44 1FD
NicholasRichardson23,Nicholas,Richardson,23,Male,False,1,single,73241,0,Williams-Parry,16.8,EH8 4EP
RobertTaylor46,Robert,Taylor,46,Male,False,3,married or civil partner,63810,0,Owen PLC,15.35,OX9B 9WL
TeresaPotter61,Teresa,Potter,61,Female,False,2,widowed,50801,0,"Farrell, Brown and Howells",13.16,E2 6XX
CherylHowell91,Cheryl,Howell,91,Female,True,2,married or civil partner,54154,14410,N/A,0,S34 4UY
RachelMatthews18,Rachel,Matthews,18,Female,False,2,married or civil partner,74699,0,Robinson-Gardner,17.02,NG71 5GB
KieranCole18,Kieran,Cole,18,Male,False,4,married or civil partner,32852,0,Jones Ltd,9.6,LA33 9WD
EricWilson80,Eric,Wilson,80,Male,True,3,married or civil partner,92094,13526,N/A,0,B05 6DW
DeniseKirby23,Denise,Kirby,23,Female,False,2,single,89268,0,Doyle LLC,19.07,M6D 1JX
PaulaHart40,Paula,Hart,40,Female,False,3,married or civil partner,78669,0,"Gray, Lloyd and Taylor",17.6,B9E 6ZT
GeraldHughes49,Gerald,Hughes,49,Male,False,2,single,77117,0,King LLC,17.37,RG6V 4WY
FionaLees83,Fiona,Lees,83,Female,True,2,married or civil partner,95970,17184,N/A,0,CR3Y 2AL
CatherineJones78,Catherine,Jones,78,Female,True,2,single,56828,13886,N/A,0,DN8 9ZS
AimeeNorton71,Aimee,Norton,71,Female,False,3,married or civil partner,37987,0,Evans-Brown,10.7,G95 9US
AlbertPritchard52,Albert,Pritchard,52,Male,False,4,married or civil partner,78657,0,Mills LLC,17.6,FK6E 5JF
OliviaWard38,Olivia,Ward,38,Female,False,2,married or civil partner,35913,0,"Briggs, Taylor and Jones",10.27,N3 6SN
NicholasFrancis73,Nicholas,Francis,73,Male,False,2,married or civil partner,20423,0,Harrison LLC,6.51,B3J 9JZ
ChloeGallagher76,Chloe,Gallagher,76,Female,True,2,widowed,56661,23293,N/A,0,S4K 8EE
EllieWilliams65,Ellie,Williams,65,Female,False,4,divorced,60910,0,"Walton, Saunders and Clark",14.88,S27 3QF
AlexanderBennett23,Alexander,Bennett,23,Male,False,2,married or civil partner,49984,0,"Smith, Evans and Bates",13.01,B0 5HQ
GrahamBrown78,Graham,Brown,78,Male,True,2,married or civil partner,97915,29606,N/A,0,SA8 3EY
ShaunFarrell44,Shaun,Farrell,44,Male,False,2,married or civil partner,35395,0,Grant-Hill,10.16,RG71 8HH
AshleighThompson47,Ashleigh,Thompson,47,Female,False,5,married or civil partner,69944,0,"Palmer, Jackson and Richardson",16.31,M02 2BU
NicholasGray69,Nicholas,Gray,69,Male,False,2,married or civil partner,35072,0,Patel-Bond,10.09,SL2 8FA
GarryEvans88,Garry,Evans,88,Male,True,3,divorced,18979,33864,N/A,0,SR33 7AN
KatyDixon35,Katy,Dixon,35,Female,False,4,married or civil partner,34452,0,Davies-Cooper,9.95,EH54 0AW
JoannaFowler39,Joanna,Fowler,39,Female,False,3,single,43151,0,Taylor LLC,11.74,W1 4HH
DanielleDavison41,Danielle,Davison,41,Female,False,1,married or civil partner,22954,0,"Stephens, Johnson and Morgan",7.21,B8E 8AB
BarbaraPatterson40,Barbara,Patterson,40,Female,False,1,married or civil partner,28129,0,"White, Howard and Farmer",8.51,TS9Y 8GN
LorraineMorris76,Lorraine,Morris,76,Female,False,1,single,66056,0,"Smith, Jones and Johnson",15.71,L33 4HD
GaryBrookes91,Gary,Brookes,91,Male,True,5,married or civil partner,79170,26132,N/A,0,L3 7BB
RonaldHarding80,Ronald,Harding,80,Male,True,3,married or civil partner,67439,20137,N/A,0,M5 7UL
MariaAllen50,Maria,Allen,50,Female,False,3,single,89384,0,"Brooks, Williams and Smith",19.09,WS3H 7WG
GlennStorey79,Glenn,Storey,79,Male,False,1,widowed,70455,0,"Hunter, Doyle and Brown",16.38,BH0E 7DR
DamianStewart90,Damian,Stewart,90,Male,True,2,single,84051,31758,N/A,0,S7 3YB
JosephBegum57,Joseph,Begum,57,Male,False,3,widowed,80926,0,"Watson, Pearson and Sanderson",17.92,HS2 5JA
AshleyCooper31,Ashley,Cooper,31,Male,False,2,married or civil partner,31586,0,Buckley-Williams,9.32,BB4P 5EU
JamieTucker22,Jamie,Tucker,22,Male,False,2,married or civil partner,60951,0,"Kelly, Haynes and Wright",14.89,DD58 8GG
VincentMiah74,Vincent,Miah,74,Male,True,2,married or civil partner,86373,20420,N/A,0,DT3N 1ST
TobyDavey46,Toby,Davey,46,Male,False,3,married or civil partner,71278,0,"Taylor, Jones and Porter",16.51,M2F 8XH
ReeceHolmes24,Reece,Holmes,24,Male,False,3,married or civil partner,26803,0,Tyler-Booth,8.19,CA3 7ZS
TraceyAhmed30,Tracey,Ahmed,30,Female,False,1,single,37595,0,Smith Ltd,10.62,TD8P 5QY
IainWilkinson56,Iain,Wilkinson,56,Male,False,2,married or civil partner,96802,0,Ward Ltd,20.07,B64 2ND
GarethSmith28,Gareth,Smith,28,Male,False,2,married or civil partner,21760,0,"Morgan, Dale and Watson",6.88,L0H 5NS
LeighThompson55,Leigh,Thompson,55,Male,False,3,single,70161,0,"Phillips, Payne and Russell",16.34,OL6P 5LA
EmmaParry80,Emma,Parry,80,Female,True,2,married or civil partner,38788,23532,N/A,0,LD1N 0RQ
NormanBradley26,Norman,Bradley,26,Male,False,2,single,91114,0,Price-Houghton,19.32,GL76 1LZ
LukeKaur38,Luke,Kaur,38,Male,False,1,single,56545,0,Wilson-Clarke,14.16,L21 0GW
VictoriaStephens71,Victoria,Stephens,71,Female,True,3,single,19502,38031,N/A,0,B58 8UB
HughRobertson89,Hugh,Robertson,89,Male,True,3,single,18259,28949,N/A,0,CR6B 6ZU
MohammadChapman59,Mohammad,Chapman,59,Male,False,5,single,26629,0,"Harrison, Henry and Iqbal",8.15,L3 6HG
LesleyWilliams53,Lesley,Williams,53,Female,False,3,married or civil partner,28940,0,Price-Carter,8.71,B7 6XX
RobertFerguson31,Robert,Ferguson,31,Male,False,3,divorced,42776,0,"Lewis, Hill and Nelson",11.66,CB0 9TQ
HughWilliams70,Hugh,Williams,70,Male,True,3,married or civil partner,39435,15493,N/A,0,E4T 9JR
BethanFraser70,Bethan,Fraser,70,Female,False,1,married or civil partner,23228,0,Anderson-Cook,7.28,S0K 0JQ
CarolynPage77,Carolyn,Page,77,Female,False,1,married or civil partner,69332,0,Lewis-Stokes,16.21,E27 3BW
DannyMason62,Danny,Mason,62,Male,False,2,single,75332,0,Miller-Randall,17.11,IV25 3TR
PhilipBell77,Philip,Bell,77,Male,True,1,single,51049,33175,N/A,0,E6 1UP
JeanWilson25,Jean,Wilson,25,Female,False,1,married or civil partner,41414,0,Waters Inc,11.4,B5F 5TR
AlexCarr70,Alex,Carr,70,Male,False,3,single,79261,0,Simpson-O'Brien,17.68,W7 1DJ
GlennBurgess33,Glenn,Burgess,33,Male,False,4,married or civil partner,85074,0,Francis-Shaw,18.5,E1W 0YS
BenjaminBrown35,Benjamin,Brown,35,Male,False,1,single,33183,0,"Gray, Robertson and Graham",9.68,L2 6XW
KatherineHutchinson74,Katherine,Hutchinson,74,Female,False,3,married or civil partner,44207,0,Hunt-Flynn,11.94,GY07 2HH
CatherineRose87,Catherine,Rose,87,Female,True,,single,62977,22875,N/A,0,M3U 0EG
EileenAndrews33,Eileen,Andrews,33,Female,False,1,married or civil partner,19788,0,Ellis-Bentley,6.33,W5 7XU
DeanKing29,Dean,King,29,Male,False,3,widowed,17291,0,Green and Sons,5.59,BH9V 1BT
DawnPatterson32,Dawn,Patterson,32,Female,False,4,single,25183,0,"Walker, Smith and Abbott",7.79,N64 3NW
JaneTurner51,Jane,Turner,51,Female,False,3,divorced,35294,0,Gardner-Parry,10.14,L8G 6QB
EricMason86,Eric,Mason,86,Male,True,2,married or civil partner,27842,26017,N/A,0,HP1 5EG
ElizabethBrown73,Elizabeth,Brown,73,Female,True,2,married or civil partner,48381,25355,N/A,0,DH71 6EQ
NathanCooper91,Nathan,Cooper,91,Male,True,2,married or civil partner,62337,27258,N/A,0,W25 3QD
JoyceYates30,Joyce,Yates,30,Female,False,2,single,73575,0,Hussain-Banks,16.85,BA88 5QN
MaureenMarshall73,Maureen,Marshall,73,Female,False,5,married or civil partner,53749,0,"Gill, Patel and Reid",13.68,BH3 6BS
LesleyPatterson24,Lesley,Patterson,24,Female,False,2,married or civil partner,36799,0,Thomas-Lewis,10.46,S6T 1UW
DanielleFisher66,Danielle,Fisher,66,Female,True,2,single,54595,24003,N/A,0,E18 1AH
ClaireNoble91,Claire,Noble,91,Female,True,2,married or civil partner,79230,21738,N/A,0,IG3 3FW
LeslieClark85,Leslie,Clark,85,Male,True,2,divorced,42580,37838,N/A,0,OL90 0SW
GeorgiaTalbot59,Georgia,Talbot,59,Female,False,2,married or civil partner,84270,0,Smith PLC,18.39,GL53 7JN
TracyMurray62,Tracy,Murray,62,Female,False,3,widowed,31762,0,"Whitehead, Hall and Davies",9.36,NE5E 1ST
JeffreyHoward53,Jeffrey,Howard,53,Male,False,2,married or civil partner,24817,0,"Clark, Davies and Green",7.69,OX46 5RB
KarlBarber34,Karl,Barber,34,Male,False,2,single,45118,0,"Simmons, Wright and Jones",12.11,G27 8NS
AshleyWest65,Ashley,West,65,Male,False,1,married or civil partner,40762,0,"Marshall, Atkinson and Short",11.27,W9 8QN
FrancesBlake68,Frances,Blake,68,Female,False,2,single,30350,0,"Hart, Arnold and Campbell",9.04,DN6 3LU
DylanCraig19,Dylan,Craig,19,Male,False,3,married or civil partner,23153,0,Butler LLC,7.26,W4 4QX
SaraTaylor27,Sara,Taylor,27,Female,False,2,married or civil partner,88314,0,Jones-Evans,18.94,MK9V 9HZ
PaulaTaylor89,Paula,Taylor,89,Female,True,1,married or civil partner,20682,12302,N/A,0,L1C 0EG
BethDay59,Beth,Day,59,Female,False,2,single,30528,0,"Johnson, Fowler and Thomas",9.08,S1C 9UL
JuliaMurphy41,Julia,Murphy,41,Female,False,4,single,93386,0,Evans PLC,19.62,RH2 1HS
RitaWilkins63,Rita,Wilkins,63,Female,False,1,single,20014,0,"Murray, Jones and Pearce",6.4,E8 2ZF
EmmaTaylor80,Emma,Taylor,80,Female,True,2,single,46544,16604,N/A,0,TS6 8QX
CraigWhite40,Craig,White,40,Male,False,2,single,29532,0,Adams-Little,8.85,EC8 7AF
LydiaDavies79,Lydia,Davies,79,Female,True,3,married or civil partner,42747,19589,N/A,0,CB8A 3UT
DonaldFrancis44,Donald,Francis,44,Male,False,2,married or civil partner,55939,0,"Connolly, Gregory and Roberts",14.06,L3 5TB
ConnorSmith71,Connor,Smith,71,Male,False,3,married or civil partner,85382,0,Watson and Sons,18.54,LN3Y 7RS
EmmaEdwards32,Emma,Edwards,32,Female,False,2,married or civil partner,33449,0,"Rice, Harris and Morris",9.73,L7 4DF
DeborahBartlett88,Deborah,Bartlett,88,Female,True,2,divorced,76058,41396,N/A,0,CO4 0EJ
AmyTurner28,Amy,Turner,28,Female,False,4,married or civil partner,72457,0,"Bennett, Burton and Nicholls",16.69,PH27 8LA
JakeThompson31,Jake,Thompson,31,Male,False,1,single,43350,0,Lambert-Green,11.77,B2 5LY
RobinSheppard79,Robin,Sheppard,79,Male,True,2,single,90017,33938,N/A,0,N40 8FS
DylanTalbot35,Dylan,Talbot,35,Male,False,1,single,91741,0,"O'Donnell, Stevenson and James",19.4,N82 3GP
HarryYoung37,Harry,Young,37,Male,False,2,married or civil partner,19810,0,Allen Ltd,6.34,WN1 0AT
GeorginaChapman23,Georgina,Chapman,23,Female,False,1,married or civil partner,55040,0,Lane-Robinson,13.9,HR7B 5JN
BernardWhite26,Bernard,White,26,Male,False,2,married or civil partner,43576,0,Marshall-Harris,11.82,E4 3FW
AnnetteRobson79,Annette,Robson,79,Female,True,2,married or civil partner,34939,29485,N/A,0,CO4B 6TR
KarlDavies87,Karl,Davies,87,Male,True,2,single,33715,18671,N/A,0,BN5X 6TZ
JayneBaker89,Jayne,Baker,89,Female,True,1,married or civil partner,65277,33368,N/A,0,M6D 0TU
MohammedSharp80,Mohammed,Sharp,80,Male,True,2,married or civil partner,20991,35142,N/A,0,W80 5AY
TraceyPotts27,Tracey,Potts,27,Female,False,1,married or civil partner,55035,0,"Bradley, O'Neill and Kaur",13.9,BS7P 7TN
CarlThomas31,Carl,Thomas,31,Male,False,2,divorced,87428,0,"Porter, Bell and Cook",18.82,HX2 2SQ
ClaireNorman90,Claire,Norman,90,Female,True,1,married or civil partner,74812,10972,N/A,0,ML1 7AZ
DamianDaniels91,Damian,Daniels,91,Male,True,3,married or civil partner,75901,21654,N/A,0,AL9W 4SD
ChelseaJohnson39,Chelsea,Johnson,39,Female,False,2,single,60285,0,"Price, Wood and Ali",14.78,UB0 8FG
AdamTaylor71,Adam,Taylor,71,Male,True,2,married or civil partner,30279,21642,N/A,0,N73 1FD
MarcCook31,Marc,Cook,31,Male,False,4,single,86174,0,Thomas-Howells,18.65,CM1 3PU
GregoryEvans75,Gregory,Evans,75,Male,False,2,married or civil partner,98490,0,Clarke-Sykes,20.28,ME52 3HR
SarahWilkins88,Sarah,Wilkins,88,Female,True,3,married or civil partner,44425,31093,N/A,0,G6K 7RU
BethanyWard35,Bethany,Ward,35,Female,False,3,divorced,61549,0,Smith Group,14.99,B7S 6UD
DannyLewis80,Danny,Lewis,80,Male,True,2,widowed,72240,21399,N/A,0,M5G 4PT
AnnO'Neill79,Ann,O'Neill,79,Female,True,4,single,19337,26614,N/A,0,WS44 3ZW
CarolBanks59,Carol,Banks,59,Female,False,3,married or civil partner,22784,0,Ross-Bailey,7.16,B59 1EE
BrendaBibi90,Brenda,Bibi,90,Female,True,1,married or civil partner,54424,28402,N/A,0,BL68 3AE
JoannaBrown89,Joanna,Brown,89,Female,True,1,divorced,22093,31606,N/A,0,L0A 4PU
DouglasHilton23,Douglas,Hilton,23,Male,False,1,married or civil partner,50566,0,"Buckley, Hunt and Perry",13.12,M3A 8RL
JoannaTurner70,Joanna,Turner,70,Female,False,1,married or civil partner,21506,0,Hall LLC,6.81,M27 5LS
SylviaWatson70,Sylvia,Watson,70,Female,False,1,widowed,48978,0,Herbert PLC,12.83,G3U 1WS
HollieWalker23,Hollie,Walker,23,Female,False,2,married or civil partner,20431,0,Barker-Hurst,6.52,W46 7UT
LewisChapman71,Lewis,Chapman,71,Male,False,3,single,89081,0,Pearson-Smith,19.05,AB22 7PY
HilaryMcDonald50,Hilary,McDonald,50,Female,False,2,widowed,70568,0,Wheeler-Roberts,16.4,CF41 5ZJ
TeresaPatel71,Teresa,Patel,71,Female,True,1,married or civil partner,79803,21929,N/A,0,E8U 6WF
FrederickHarris21,Frederick,Harris,21,Male,False,2,single,34175,0,"Walker, Marshall and Hill",9.89,G1K 6DF
MeganMarsh80,Megan,Marsh,80,Female,True,1,married or civil partner,77243,17985,N/A,0,ZE0 2EB
HughMoore54,Hugh,Moore,54,Male,False,2,married or civil partner,20417,0,"Smith, Williams and Bird",6.51,M60 5PL
SarahStewart64,Sarah,Stewart,64,Female,False,2,single,48628,0,Harding-Taylor,12.77,S1 3WS
JenniferWall25,Jennifer,Wall,25,Female,False,3,married or civil partner,42461,0,Gilbert-Coles,11.6,TR3 9QE
CarlThomas37,Carl,Thomas,37,Male,False,2,single,91647,0,"Waters, Roberts and Peacock",19.39,NR53 4NR
MeganKhan85,Megan,Khan,85,Female,True,4,single,84077,13901,N/A,0,SR6V 9UE
AmeliaJones31,Amelia,Jones,31,Female,False,1,married or civil partner,64762,0,"Elliott, Rees and Howard",15.5,WR53 4BJ
DominicShaw50,Dominic,Shaw,50,Male,False,3,single,17445,0,Scott Ltd,5.64,SO9N 7QB
GregoryKnowles91,Gregory,Knowles,91,Male,True,2,married or civil partner,83845,28289,N/A,0,NE85 1RG
EmmaJames49,Emma,James,49,Female,False,1,single,21890,0,Payne-Smith,6.92,EC3N 6WF
RitaJennings85,Rita,Jennings,85,Female,True,1,single,51094,21219,N/A,0,S60 5PX
BethanyWhite84,Bethany,White,84,Female,True,3,divorced,85975,27303,N/A,0,G50 5GN
JordanWilliams82,Jordan,Williams,82,Male,True,1,single,39988,18413,N/A,0,LN55 6EW
JayneShepherd52,Jayne,Shepherd,52,Female,False,4,single,85826,0,"Wright, McDonald and Simpson",18.6,L02 9BU
AndrewWhite28,Andrew,White,28,Male,False,2,married or civil partner,66279,0,Bond-Connor,15.74,L2 0WX
ReeceGriffin81,Reece,Griffin,81,Male,True,5,married or civil partner,87777,27246,N/A,0,W7 6BH
KatherineTaylor56,Katherine,Taylor,56,Female,False,2,married or civil partner,78324,0,Connolly and Sons,17.55,HP4 8RG
DamianMitchell55,Damian,Mitchell,55,Male,False,2,married or civil partner,47468,0,"Jackson, Phillips and Willis",12.55,SM0 8JP
RickyCameron58,Ricky,Cameron,58,Male,False,3,married or civil partner,37584,0,Smith-Morley,10.62,HP32 1NT
MohammedThomas58,Mohammed,Thomas,58,Male,False,4,widowed,31647,0,Jones-Adams,9.33,G1 6GL
BradleyDickinson87,Bradley,Dickinson,87,Male,True,2,married or civil partner,32130,39135,N/A,0,E29 3YT
TrevorBegum89,Trevor,Begum,89,Male,True,2,single,39341,29392,N/A,0,S2 8SA
JosephineBurns18,Josephine,Burns,18,Female,False,1,single,55331,0,Brown-Edwards,13.95,E6 8LU
BarbaraMarshall50,Barbara,Marshall,50,Female,False,2,married or civil partner,73438,0,Newman PLC,16.83,E58 7EZ
AlexanderWallace21,Alexander,Wallace,21,Male,False,3,single,75949,0,Simpson-Thorpe,17.2,PA1V 6NZ
StaceyTucker66,Stacey,Tucker,66,Female,False,3,single,25093,0,Henderson Group,7.76,S17 0PW
MarcMitchell64,Marc,Mitchell,64,Male,True,2,single,95249,34528,N/A,0,M7J 8PN
MitchellJones35,Mitchell,Jones,35,Male,False,2,married or civil partner,75719,0,"Richardson, Palmer and Watson",17.17,G3U 7RL
ElliotWhite70,Elliot,White,70,Male,False,3,single,58000,0,Frost Group,14.4,M0 3GZ
PatrickPhillips26,Patrick,Phillips,26,Male,False,2,married or civil partner,64361,0,"Bentley, Richards and Wright",15.44,E2 1YE
SheilaPrice65,Sheila,Price,65,Female,False,2,married or civil partner,80184,0,Cox-Allen,17.81,AB0M 6PF
MelissaMartin47,Melissa,Martin,47,Female,False,2,single,65376,0,Hall-Martin,15.6,G4 4WY
DarrenEdwards77,Darren,Edwards,77,Male,True,4,single,57720,33451,N/A,0,SS44 1XG
AndrewMills90,Andrew,Mills,90,Male,True,5,single,34619,27895,N/A,0,WR63 8TG
AlbertKay22,Albert,Kay,22,Male,False,3,divorced,21593,0,Brown and Sons,6.84,AL1 6YU
SeanWilson79,Sean,Wilson,79,Male,True,,married or civil partner,93354,20184,N/A,0,N7H 9DN
NathanGibson37,Nathan,Gibson,37,Male,False,2,married or civil partner,95847,0,"Roberts, Potter and Wells",19.94,DD0 3FG
AlexCooper60,Alex,Cooper,60,Male,False,1,married or civil partner,72056,0,"Palmer, Austin and Holmes",16.63,M1B 4SR
KieranGodfrey64,Kieran,Godfrey,64,Male,False,3,single,92731,0,Heath-Lewis,19.53,PH8Y 6EJ
EricBerry45,Eric,Berry,45,Male,False,1,single,71861,0,Walton PLC,16.6,B7T 8RD
JayneBriggs22,Jayne,Briggs,22,Female,False,1,single,84442,0,Griffiths and Sons,18.41,W54 5GA
StewartCrawford25,Stewart,Crawford,25,Male,False,2,married or civil partner,67874,0,"Field, Johnson and Davies",15.99,TN84 7BX
GeorgeNewman23,George,Newman,23,Male,False,2,divorced,81007,0,"Wallace, O'Neill and Foster",17.93,M6T 7WX
RossMartin36,Ross,Martin,36,Male,False,1,single,91420,0,Willis-Cole,19.36,L38 8RA
KeithEdwards89,Keith,Edwards,89,Male,True,1,single,43476,28955,N/A,0,GU0 6NQ
PatriciaRobinson28,Patricia,Robinson,28,Female,False,2,single,29382,0,Ahmed-Cox,8.81,B6A 3TJ
JaniceCarey47,Janice,Carey,47,Female,False,2,married or civil partner,43099,0,"Baker, Cole and Brooks",11.73,L76 2RS
DianeGoodwin77,Diane,Goodwin,77,Female,True,1,divorced,40141,22167,N/A,0,M5C 8EG
RogerParker55,Roger,Parker,55,Male,False,2,married or civil partner,51229,0,Owen PLC,13.24,B6 3YY
CameronSaunders70,Cameron,Saunders,70,Male,False,2,single,52100,0,Roberts-Lewis,13.39,KT7W 0BW
MarilynBradley74,Marilyn,Bradley,74,Female,True,2,married or civil partner,18195,38502,N/A,0,L8F 7EH
CarolFitzgerald83,Carol,Fitzgerald,83,Female,True,2,single,61778,19095,N/A,0,TN8 6DB
SamuelChapman48,Samuel,Chapman,48,Male,False,4,single,53808,0,"Whitehouse, Whitehouse and Boyle",13.69,SO23 3DF
GuyMitchell27,Guy,Mitchell,27,Male,False,3,married or civil partner,93290,0,Cross-Roberts,19.61,N3 2YW
KieranWilliams56,Kieran,Williams,56,Male,False,2,single,77617,0,Curtis and Sons,17.45,NP4 7JG
DylanKerr67,Dylan,Kerr,67,Male,False,2,single,24233,0,Mason-Brown,7.54,LE38 3PD
JuneO'Brien27,June,O'Brien,27,Female,False,2,single,75297,0,Garner-Jones,17.11,B16 3XA
EdwardGriffiths59,Edward,Griffiths,59,Male,False,3,single,24093,0,Moore PLC,7.51,N9B 9ZZ
LesleyWalker45,Lesley,Walker,45,Female,False,1,widowed,21125,0,"Burton, Watson and Quinn",6.71,W9E 8GN
RossMarshall40,Ross,Marshall,40,Male,False,2,single,59706,0,Smith PLC,14.69,LS36 1SP
KatePugh77,Kate,Pugh,77,Female,True,1,married or civil partner,52728,25342,N/A,0,BS7 1FP
LynneHudson37,Lynne,Hudson,37,Female,False,2,single,67770,0,"Sims, White and Vincent",15.97,CM32 4RS
DenisePearson60,Denise,Pearson,60,Female,False,1,single,80703,0,Wall Inc,17.89,N0 9LZ
RobertWhite27,Robert,White,27,Male,False,2,married or civil partner,48955,0,Jones and Sons,12.83,WS3 9HH
BryanJackson79,Bryan,Jackson,79,Male,True,1,married or civil partner,96229,26266,N/A,0,PL4N 9QU
EricLee25,Eric,Lee,25,Male,False,1,married or civil partner,79533,0,Cooper-Cole,17.72,S5 0UR
KennethChambers53,Kenneth,Chambers,53,Male,False,2,married or civil partner,81365,0,Barton-Griffiths,17.98,L85 3TN
LynnMurray40,Lynn,Murray,40,Female,False,2,married or civil partner,87969,0,"Jones, Turner and Russell",18.9,CM21 2TL
JosephineRice64,Josephine,Rice,64,Female,False,4,married or civil partner,17972,0,"Griffin, Harris and Jackson",5.8,WS4H 6GZ
JoyceSmart22,Joyce,Smart,22,Female,False,3,widowed,46825,0,"Cooper, Bradley and Macdonald",12.43,B39 4UN
KateTalbot43,Kate,Talbot,43,Female,False,2,married or civil partner,41365,0,Heath-Newman,11.39,RM56 1PR
ElliotEvans32,Elliot,Evans,32,Male,False,2,single,22184,0,Bond Inc,7.0,M9 5EX
StaceySutton70,Stacey,Sutton,70,Female,False,1,married or civil partner,34078,0,Forster-Burton,9.87,G85 7SX
WayneJones56,Wayne,Jones,56,Male,False,4,married or civil partner,41596,0,Williams-Holmes,11.43,RM8 1TN
RickyYoung60,Ricky,Young,60,Male,False,2,married or civil partner,58761,0,Bishop-Howard,14.53,L5 2JD
ElliottJones30,Elliott,Jones,30,Male,False,2,single,24799,0,Gray LLC,7.69,E8 1GJ
GuyCarter71,Guy,Carter,71,Male,True,4,married or civil partner,36119,49182,N/A,0,BL5 1TW
ConorCox46,Conor,Cox,46,Male,False,1,married or civil partner,19503,0,Thompson-Allen,6.25,DH08 9JB
BarryYoung87,Barry,Young,87,Male,True,2,single,70331,30675,N/A,0,BN1 3GB
OwenDoherty21,Owen,Doherty,21,Male,False,2,married or civil partner,62735,0,Abbott-Finch,15.18,NE7 5WJ
KieranReeves19,Kieran,Reeves,19,Male,False,3,single,18832,0,Davison Group,6.06,CF1 4ZP
KennethAndrews89,Kenneth,Andrews,89,Male,True,3,married or civil partner,48998,17950,N/A,0,DE9 0HS
HarryTomlinson63,Harry,Tomlinson,63,Male,False,2,widowed,35125,0,Stewart-Robinson,10.1,G37 0TN
RobertOwen65,Robert,Owen,65,Male,False,2,married or civil partner,41750,0,"Sykes, King and Robinson",11.46,NN1M 4PY
DorothyLane80,Dorothy,Lane,80,Female,False,2,married or civil partner,84421,0,"Wong, Rose and Johnston",18.41,L4B 6QD
JasonCooke62,Jason,Cooke,62,Male,False,1,married or civil partner,19942,0,"Andrews, McCarthy and Gregory",6.38,DD67 2LL
JustinBrown41,Justin,Brown,41,Male,False,5,single,89801,0,"Smith, Howells and Johnson",19.14,L59 4ST
EileenHall60,Eileen,Hall,60,Female,False,3,married or civil partner,57204,0,"Allen, Martin and Akhtar",14.27,G5T 8FT
LeighTaylor24,Leigh,Taylor,24,Male,False,2,married or civil partner,66847,0,Jones Inc,15.83,G7H 1GB
FrancescaWilson83,Francesca,Wilson,83,Female,True,4,married or civil partner,29146,21473,N/A,0,TS2M 2YU
GaryCole79,Gary,Cole,79,Male,True,3,married or civil partner,60005,26783,N/A,0,S4 5LN
NatalieCox79,Natalie,Cox,79,Female,True,2,single,74300,19724,N/A,0,L2T 2UH
LisaHarris70,Lisa,Harris,70,Female,False,2,single,24742,0,Taylor-Campbell,7.67,W2 9DB
AllanFox50,Allan,Fox,50,Male,False,5,married or civil partner,22285,0,"Hill, Adams and Hodgson",7.03,N6F 9JE
RossSmith52,Ross,Smith,52,Male,False,3,married or civil partner,62685,0,Wright-Vincent,15.17,IV0 2EE
DerekHewitt78,Derek,Hewitt,78,Male,True,2,married or civil partner,82539,34008,N/A,0,W38 8FF
JamieFraser28,Jamie,Fraser,28,Male,False,2,divorced,37098,0,Gregory-Singh,10.52,E7 5EA
AimeeTaylor54,Aimee,Taylor,54,Female,False,5,married or civil partner,92578,0,Fisher-Johnson,19.51,FK5 7WU
ShannonPrice21,Shannon,Price,21,Female,False,2,married or civil partner,31297,0,"Richardson, Davey and Stephenson",9.25,KT9P 9YD
MaryAustin87,Mary,Austin,87,Female,True,1,single,50170,26742,N/A,0,W6C 1HL
LawrenceBailey33,Lawrence,Bailey,33,Male,False,1,married or civil partner,89412,0,Pearce-Hall,19.09,S4 1QT
JessicaThomas72,Jessica,Thomas,72,Female,True,2,married or civil partner,28629,28791,N/A,0,WC9 4BN
CharlieMitchell27,Charlie,Mitchell,27,Male,False,2,single,65792,0,Woodward-Kerr,15.67,B04 4HN
RitaYoung84,Rita,Young,84,Female,True,3,single,25151,15921,N/A,0,HS4 1QJ
HarryLynch44,Harry,Lynch,44,Male,False,3,married or civil partner,42420,0,Williams Group,11.59,DY1W 0QL
RickySmith26,Ricky,Smith,26,Male,False,2,single,35518,0,Smith-Daly,10.18,S5 5GT
LiamKay61,Liam,Kay,61,Male,False,3,married or civil partner,97630,0,Schofield PLC,20.17,ST65 4GJ
MarieMason26,Marie,Mason,26,Female,False,2,married or civil partner,61546,0,Townsend Ltd,14.99,G5C 1XZ
ElliottWillis86,Elliott,Willis,86,Male,True,2,widowed,40224,23010,N/A,0,BN4W 4SL
JosephineKirby41,Josephine,Kirby,41,Female,False,4,widowed,88906,0,"Hall, Rowe and Thomas",19.02,W16 9TA
GeraldPearson75,Gerald,Pearson,75,Male,True,2,divorced,76017,24001,N/A,0,WA50 7EE
NicolaBruce86,Nicola,Bruce,86,Female,True,1,single,43284,15613,N/A,0,B6K 6RA
RebeccaSmith54,Rebecca,Smith,54,Female,False,2,divorced,82695,0,Hall PLC,18.17,W6K 4LB
MariaJones66,Maria,Jones,66,Female,False,3,married or civil partner,90637,0,"Lawrence, Knight and Smith",19.26,S6 0XT
ColinDavies86,Colin,Davies,86,Male,True,2,single,72812,38345,N/A,0,SM7 5GH
AlbertDawson21,Albert,Dawson,21,Male,False,1,married or civil partner,92197,0,West and Sons,19.46,ZE0Y 3UR
JanetFarmer90,Janet,Farmer,90,Female,True,1,divorced,34118,25514,N/A,0,DN6W 7SU
ClaireLee38,Claire,Lee,38,Female,False,2,single,32579,0,Baldwin LLC,9.54,M3 5AB
EileenJohnson37,Eileen,Johnson,37,Female,False,2,married or civil partner,75645,0,Stokes PLC,17.16,W9S 0LG
JeanDickinson82,Jean,Dickinson,82,Female,True,2,married or civil partner,98839,30919,N/A,0,EX19 2JY
PaulaDavies53,Paula,Davies,53,Female,False,2,married or civil partner,47539,0,"Watts, Harper and Khan",12.57,HG7R 2ED
DanielBaker27,Daniel,Baker,27,Male,False,2,married or civil partner,68829,0,"Bell, Finch and Miles",16.14,WD6 3AQ
ShannonJones29,Shannon,Jones,29,Female,False,2,married or civil partner,82619,0,Smith-Doherty,18.16,SE22 7JZ
KellyDodd60,Kelly,Dodd,60,Female,False,2,married or civil partner,77275,0,"Hughes, Carroll and Skinner",17.4,E34 0FH
ChristineWeston28,Christine,Weston,28,Female,False,2,single,58230,0,Hamilton Ltd,14.44,WV02 2AA
MohamedLynch87,Mohamed,Lynch,87,Male,True,2,married or civil partner,67021,27091,N/A,0,W6 9BE
DanielMartin48,Daniel,Martin,48,Male,False,1,single,94983,0,Moore-Owen,19.83,S9 1FD
LynnNorris30,Lynn,Norris,30,Female,False,2,single,36332,0,O'Donnell and Sons,10.36,CA5A 9DD
VictorRoberts84,Victor,Roberts,84,Male,True,2,single,65100,31553,N/A,0,E1 8LP
AlexDean33,Alex,Dean,33,Male,False,3,married or civil partner,51979,0,"Holmes, Fuller and Price",13.37,DE1B 9QJ
MalcolmClarke90,Malcolm,Clarke,90,Male,True,2,married or civil partner,17150,34325,N/A,0,BN8 4AU
LeahFreeman44,Leah,Freeman,44,Female,False,1,single,92480,0,"Schofield, Hicks and Turner",19.5,CF6 0UE
PatrickHawkins25,Patrick,Hawkins,25,Male,False,1,married or civil partner,78571,0,"Barker, Bryan and Banks",17.58,WD5 7XW
GordonHarrison52,Gordon,Harrison,52,Male,False,1,divorced,54295,0,"Wilson, Cooper and Mann",13.77,B83 4ZP
RogerSmith70,Roger,Smith,70,Male,False,2,married or civil partner,82058,0,Welch-Reynolds,18.08,PE4 8RA
SallyRowe77,Sally,Rowe,77,Female,True,2,married or civil partner,28950,25100,N/A,0,W9H 1FE
KyleBrookes42,Kyle,Brookes,42,Male,False,3,married or civil partner,28694,0,Hart-Davis,8.65,KW2Y 3YZ
GeorginaO'Neill78,Georgina,O'Neill,78,Female,True,1,single,87004,42704,N/A,0,WN00 1QZ
ClareEdwards20,Clare,Edwards,20,Female,False,3,single,44831,0,Bryan-White,12.06,E7K 0RP
NicholasSpencer71,Nicholas,Spencer,71,Male,False,1,divorced,41190,0,Riley LLC,11.35,W4 0GW
ElizabethSanders62,Elizabeth,Sanders,62,Female,False,3,married or civil partner,69457,0,"Allen, Hudson and Shaw",16.23,HS34 8TP
NicholasPrice82,Nicholas,Price,82,Male,True,3,married or civil partner,41252,30559,N/A,0,BN7V 6BN
ShaneChambers55,Shane,Chambers,55,Male,False,1,married or civil partner,83585,0,Morris Ltd,18.29,S4D 8SR
NeilStephenson50,Neil,Stephenson,50,Male,False,2,married or civil partner,75351,0,Robinson-Newman,17.12,N1 2AP
PatrickFisher21,Patrick,Fisher,21,Male,False,,widowed,39647,0,Turner Ltd,11.04,OL41 3WP
BryanDaniels74,Bryan,Daniels,74,Male,False,2,single,90717,0,"Fisher, Gould and Wallis",19.27,E9 1TP
CameronHudson63,Cameron,Hudson,63,Male,False,3,single,94870,0,Jarvis Group,19.82,BT43 3WF
CarlyLambert23,Carly,Lambert,23,Female,False,1,widowed,57764,0,Brooks-Coates,14.36,G8 5QU
JakeCox47,Jake,Cox,47,Male,False,1,married or civil partner,84517,0,"Clarke, Jones and Naylor",18.42,M1 9TU
JayRichardson37,Jay,Richardson,37,Male,False,2,married or civil partner,20474,0,Webster-Ford,6.53,G7 2SE
TerryWalters47,Terry,Walters,47,Male,False,2,married or civil partner,22568,0,Gregory LLC,7.1,M7 0SN
SuzanneHayward67,Suzanne,Hayward,67,Female,True,4,married or civil partner,20605,32121,N/A,0,G4T 1NH
MichellePayne47,Michelle,Payne,47,Female,False,2,married or civil partner,23721,0,"Howarth, Hughes and Wilkinson",7.41,W4J 9SB
JillBull31,Jill,Bull,31,Female,False,3,single,86824,0,Gough-Stevens,18.74,E92 4LN
SimonWalker31,Simon,Walker,31,Male,False,2,single,66392,0,Riley PLC,15.76,S9T 7ZJ
JackHughes76,Jack,Hughes,76,Male,True,5,single,52553,20077,N/A,0,TF3A 5TJ
KarenBaxter38,Karen,Baxter,38,Female,False,2,single,83302,0,"Anderson, Howard and Roberts",18.25,E2 0QE
BenjaminTaylor22,Benjamin,Taylor,22,Male,False,1,single,32528,0,Henderson PLC,9.53,N31 4FW
ChelseaRobson28,Chelsea,Robson,28,Female,False,2,single,45222,0,Robinson LLC,12.13,E93 7WD
RoyMoore34,Roy,Moore,34,Male,False,1,married or civil partner,97427,0,Freeman Ltd,20.15,W17 0LF
NicolaAllen80,Nicola,Allen,80,Female,True,3,single,60449,22674,N/A,0,TA85 8SY
JacquelineMatthews61,Jacqueline,Matthews,61,Female,False,2,married or civil partner,88824,0,Murphy Inc,19.01,L8F 8HL
EmilyMorris36,Emily,Morris,36,Female,False,3,single,70294,0,Baker PLC,16.36,W10 2GX
AntonyKing83,Antony,King,83,Male,True,2,married or civil partner,58777,34454,N/A,0,M7J 6RE
MichelleStorey38,Michelle,Storey,38,Female,False,2,married or civil partner,25349,0,Storey Group,7.83,L1 8TQ
JennaWells65,Jenna,Wells,65,Female,False,2,married or civil partner,52610,0,Robertson-Faulkner,13.48,HR8 9HZ
AdrianTaylor20,Adrian,Taylor,20,Male,False,2,married or civil partner,25691,0,Glover-Perkins,7.91,BS8 3AS
WilliamClarke86,William,Clarke,86,Male,True,1,widowed,97816,29071,N/A,0,BT5X 2ZF
AlexanderNewman87,Alexander,Newman,87,Male,True,2,single,63580,24227,N/A,0,SG4X 1TY
KimJohnson84,Kim,Johnson,84,Female,True,3,single,89241,29015,N/A,0,IV4V 9WX
MarcArmstrong55,Marc,Armstrong,55,Male,False,3,married or civil partner,81275,0,"Gill, Brooks and Jones",17.97,W7 7EU
LouiseHarrison44,Louise,Harrison,44,Female,False,4,married or civil partner,90945,0,Mason-Peacock,19.3,SM36 0QH
RitaRobinson38,Rita,Robinson,38,Female,False,1,married or civil partner,37029,0,Bull-Chapman,10.5,M37 5PN
AbigailGreen65,Abigail,Green,65,Female,False,1,single,69903,0,Watkins and Sons,16.3,NG0 3HF
FrederickFoster31,Frederick,Foster,31,Male,False,1,married or civil partner,45531,0,"Francis, Brennan and George",12.19,S3U 6FL
JulianGriffiths89,Julian,Griffiths,89,Male,True,2,married or civil partner,18044,26143,N/A,0,M43 4PX
VincentTodd85,Vincent,Todd,85,Male,True,1,divorced,44952,25702,N/A,0,SR4P 3NY
ZoeJohnson32,Zoe,Johnson,32,Female,False,3,single,20131,0,"Parker, Dean and Shepherd",6.43,WF5 0PS
DenisPearce82,Denis,Pearce,82,Male,True,3,married or civil partner,80220,18835,N/A,0,S40 7AX
LeighClarke55,Leigh,Clarke,55,Male,False,2,married or civil partner,65807,0,Long Inc,15.67,IM23 9XH
DuncanFord66,Duncan,Ford,66,Male,False,2,widowed,21710,0,Webb LLC,6.87,W0K 1NE
GuyBegum57,Guy,Begum,57,Male,False,2,single,83266,0,Tomlinson-Campbell,18.25,W4 4HT
DeborahFowler84,Deborah,Fowler,84,Female,True,2,widowed,48138,30438,N/A,0,SE4 3YN
JacobFox52,Jacob,Fox,52,Male,False,2,divorced,98256,0,Hall Ltd,20.25,S3 2FP
KerryLaw37,Kerry,Law,37,Female,False,1,married or civil partner,32253,0,"Watson, Clarke and Jones",9.47,G4G 3LD
ThomasClements57,Thomas,Clements,57,Male,False,1,married or civil partner,80804,0,Hughes-White,17.9,N3 2RP
KimberleyLee89,Kimberley,Lee,89,Female,True,1,married or civil partner,64536,24131,N/A,0,ST0 8RT
BenjaminSmith44,Benjamin,Smith,44,Male,False,3,married or civil partner,33228,0,"Baxter, Johnson and Houghton",9.69,E5S 4XW
JodieTaylor40,Jodie,Taylor,40,Female,False,1,single,28114,0,"Williams, Davidson and Kelly",8.51,RH6 0QD
DominicWood75,Dominic,Wood,75,Male,True,2,married or civil partner,93238,33938,N/A,0,N4H 1GJ
VictorFord45,Victor,Ford,45,Male,False,3,single,75482,0,Summers LLC,17.13,EN4Y 0NP
ClaireGilbert60,Claire,Gilbert,60,Female,False,2,married or civil partner,54943,0,"Harding, Reynolds and Kelly",13.88,E2 5BN
DylanBrown23,Dylan,Brown,23,Male,False,1,single,62178,0,Day-Whitehouse,15.09,CA57 4EG
PeterHiggins61,Peter,Higgins,61,Male,False,1,divorced,35668,0,Douglas-Carr,10.22,B77 8ZN
FionaPowell41,Fiona,Powell,41,Female,False,2,married or civil partner,70808,0,Price-Bailey,16.44,NN9P 2BJ
BethanNicholls81,Bethan,Nicholls,81,Female,True,2,single,94290,24079,N/A,0,JE0A 4WZ
AshleighWilliams91,Ashleigh,Williams,91,Female,True,1,divorced,25138,11751,N/A,0,BD7 9AL
LynnBradley82,Lynn,Bradley,82,Female,True,1,divorced,78968,29538,N/A,0,E22 9LU
KerryBennett82,Kerry,Bennett,82,Female,True,1,single,59382,32522,N/A,0,SN7B 6GW
GeorgiaCunningham64,Georgia,Cunningham,64,Female,False,1,married or civil partner,73217,0,"Jones, Jarvis and Owens",16.8,M9 0NW
OliverHart51,Oliver,Hart,51,Male,False,1,married or civil partner,62787,0,"Middleton, Lowe and Taylor",15.19,L1E 7AU
JosephineDunn70,Josephine,Dunn,70,Female,False,1,single,39273,0,Patel PLC,10.97,G54 7HA
AlbertFisher19,Albert,Fisher,19,Male,False,1,married or civil partner,81166,0,"Bevan, Carter and Thomson",17.95,PR9V 9ZJ
WendySmith75,Wendy,Smith,75,Female,True,2,divorced,75381,33300,N/A,0,KT4V 7ZH
AliceSullivan23,Alice,Sullivan,23,Female,False,1,single,72910,0,Pratt-Spencer,16.75,M2T 7AB
VictoriaDaniels52,Victoria,Daniels,52,Female,False,2,widowed,48894,0,Law Inc,12.81,E1G 6ZT
GeorgiaCampbell70,Georgia,Campbell,70,Female,False,2,single,75084,0,Thompson and Sons,17.08,DY59 5DL
RebeccaRoberts65,Rebecca,Roberts,65,Female,False,1,single,38463,0,Martin-Collins,10.8,E0T 7BT
JayneLee33,Jayne,Lee,33,Female,False,2,divorced,28446,0,Power LLC,8.59,CW80 9JP
DianeWood56,Diane,Wood,56,Female,False,1,married or civil partner,21680,0,Barrett Ltd,6.86,BD2 5GT
HazelThomson64,Hazel,Thomson,64,Female,False,,single,93837,0,Newton-Harrison,19.68,DL8P 1AJ
HayleyOwen73,Hayley,Owen,73,Female,True,1,divorced,39250,24116,N/A,0,W30 0AW
RoyFrost75,Roy,Frost,75,Male,True,1,widowed,37216,36335,N/A,0,E9 7ES
RogerWilliams91,Roger,Williams,91,Male,True,2,married or civil partner,29249,20198,N/A,0,M2C 4ZN
AlanPritchard19,Alan,Pritchard,19,Male,False,1,widowed,73437,0,Thomas-Ellis,16.83,RH65 6FG
SandraBell91,Sandra,Bell,91,Female,True,3,single,72394,37055,N/A,0,CO9M 2FA
HayleySkinner86,Hayley,Skinner,86,Female,True,3,single,86029,27581,N/A,0,SG94 2UZ
JenniferBirch50,Jennifer,Birch,50,Female,False,,widowed,57054,0,"Cunningham, Singh and Murphy",14.24,M1 3BD
GlenLewis18,Glen,Lewis,18,Male,False,3,married or civil partner,54871,0,Hawkins-Sims,13.87,HP1W 8LJ
JosephEllis20,Joseph,Ellis,20,Male,False,2,married or civil partner,92430,0,"Scott, Lee and Brookes",19.49,G91 4UQ
JulieBrown61,Julie,Brown,61,Female,False,3,married or civil partner,98284,0,"Davies, Pearce and Field",20.26,FY57 9EU
JacquelineBrown29,Jacqueline,Brown,29,Female,False,2,married or civil partner,24604,0,"Jones, Williams and Taylor",7.64,ZE96 7WN
VictorJones52,Victor,Jones,52,Male,False,2,married or civil partner,38072,0,"Power, Stevens and Haynes",10.72,W2C 4WY
HollieHughes85,Hollie,Hughes,85,Female,True,2,divorced,85922,24039,N/A,0,LN77 6RG
MohammedClark19,Mohammed,Clark,19,Male,False,2,single,95525,0,"Peacock, Vincent and Richards",19.9,L90 8QN
JodieCross86,Jodie,Cross,86,Female,True,1,married or civil partner,37204,27170,N/A,0,M4 9RY
DonnaStokes43,Donna,Stokes,43,Female,False,3,married or civil partner,88800,0,Martin-Hughes,19.01,WN57 1BU
MarilynSmith90,Marilyn,Smith,90,Female,True,2,single,43561,23590,N/A,0,N5W 2JW
TerenceHudson41,Terence,Hudson,41,Male,False,3,married or civil partner,93693,0,"Marsh, Patel and Hayward",19.66,SK3 6UB
MatthewWelch53,Matthew,Welch,53,Male,False,3,single,82142,0,"Tucker, Long and Newman",18.09,PE7 0QP
CliffordNixon18,Clifford,Nixon,18,Male,False,3,married or civil partner,30153,0,"Smith, Collins and Schofield",8.99,E56 5NB
HowardPowell20,Howard,Powell,20,Male,False,2,single,51651,0,"Edwards, White and Walker",13.31,E5 2YS
SandraWilliams30,Sandra,Williams,30,Female,False,3,married or civil partner,73757,0,Lewis and Sons,16.88,G6 1YY
StevenAllen73,Steven,Allen,73,Male,False,2,single,94181,0,"Morgan, Burns and Murphy",19.72,OX7M 0PD
PatriciaMurray39,Patricia,Murray,39,Female,False,2,widowed,78632,0,Smith-Allan,17.59,L8F 1ZW
PamelaLewis32,Pamela,Lewis,32,Female,False,2,single,53950,0,Page LLC,13.71,TD7 4ZP
KeithJones48,Keith,Jones,48,Male,False,3,married or civil partner,41310,0,"Newton, Cooper and Knight",11.37,B9 0AH
TobyBailey23,Toby,Bailey,23,Male,False,2,married or civil partner,60350,0,"Richards, Harris and Palmer",14.79,KY4R 1PP
JosephHarrison74,Joseph,Harrison,74,Male,True,2,widowed,34163,23136,N/A,0,BS26 8YU
StewartDyer81,Stewart,Dyer,81,Male,False,2,single,25812,0,"Thomas, Ryan and Ward",7.94,JE48 2QS
DennisShaw36,Dennis,Shaw,36,Male,False,2,single,94390,0,"Mitchell, Davies and Ellis",19.75,NG7B 2DJ
LindseyMcDonald53,Lindsey,McDonald,53,Female,False,1,married or civil partner,84585,0,Hutchinson Group,18.43,B24 1TT
EllieTaylor74,Ellie,Taylor,74,Female,False,3,divorced,67360,0,Miller Ltd,15.91,BH7W 5WR
NatalieNicholson89,Natalie,Nicholson,89,Female,True,2,married or civil partner,96739,17734,N/A,0,BN7B 0LP
KyleAli83,Kyle,Ali,83,Male,True,3,single,83060,24281,N/A,0,N9T 8PB
RosemaryKhan33,Rosemary,Khan,33,Female,False,2,married or civil partner,46643,0,"Wilson, Cunningham and Fletcher",12.4,TA02 6YX
LorraineRandall46,Lorraine,Randall,46,Female,False,2,single,57192,0,Clarke Group,14.27,L1T 8WU
DerekRiley42,Derek,Riley,42,Male,False,1,married or civil partner,94622,0,Butcher Ltd,19.78,M5 5NU
StephenFisher21,Stephen,Fisher,21,Male,False,3,single,42146,0,Knight LLC,11.54,TW56 6AE
SianWatkins22,Sian,Watkins,22,Female,False,4,single,49313,0,"Ali, Barker and Bell",12.89,S9 5DP
ZoeWebb85,Zoe,Webb,85,Female,True,3,married or civil partner,64419,34002,N/A,0,N9 9QE
ChloePugh75,Chloe,Pugh,75,Female,False,2,married or civil partner,69651,0,"Marshall, Foster and Jones",16.26,HA6 9RW
DylanWilliams85,Dylan,Williams,85,Male,True,2,married or civil partner,17754,28111,N/A,0,G3 4EZ
LucyDay79,Lucy,Day,79,Female,True,3,married or civil partner,80335,20237,N/A,0,N1 4YE
JulianYoung69,Julian,Young,69,Male,False,2,single,61540,0,Metcalfe Group,14.99,M69 8ED
ThomasHarris57,Thomas,Harris,57,Male,False,3,married or civil partner,35970,0,"Williams, Jones and Taylor",10.28,S7K 6LF
LorraineWilliamson75,Lorraine,Williamson,75,Female,False,1,married or civil partner,44496,0,Palmer PLC,11.99,LE20 8GA
DeniseGriffiths18,Denise,Griffiths,18,Female,False,4,single,42415,0,"Harris, Humphreys and Henry",11.59,BS4 1GG
GillianMason88,Gillian,Mason,88,Female,True,2,divorced,52668,34122,N/A,0,DG0A 2HF
MaureenRichardson57,Maureen,Richardson,57,Female,False,2,married or civil partner,93979,0,Lewis Group,19.7,SS7B 7TZ
LucyGeorge47,Lucy,George,47,Female,False,1,divorced,98455,0,"Davies, Lee and O'Donnell",20.28,S6 6XB
ConorShah71,Conor,Shah,71,Male,True,3,married or civil partner,37717,19197,N/A,0,KT34 7AS
BryanRiley31,Bryan,Riley,31,Male,False,2,single,81826,0,Thorpe-Webster,18.05,G3C 5UT
MarilynJenkins69,Marilyn,Jenkins,69,Female,False,3,divorced,28114,0,Harvey-Thomas,8.51,KT47 0YT
JoannaHolmes59,Joanna,Holmes,59,Female,False,3,widowed,40045,0,Bennett-Morgan,11.12,L8 6UT
LiamRyan20,Liam,Ryan,20,Male,False,2,married or civil partner,30332,0,Ali-Weston,9.03,DH8H 4SZ
DouglasWeston51,Douglas,Weston,51,Male,False,2,single,91784,0,Cooper PLC,19.41,DY6M 0BL
BarryTurner88,Barry,Turner,88,Male,True,1,married or civil partner,20726,21077,N/A,0,N5 5SH
AnneEvans62,Anne,Evans,62,Female,False,1,single,42397,0,Baker-Parker,11.59,M70 5EH
ZoeDavies79,Zoe,Davies,79,Female,True,3,married or civil partner,84925,21349,N/A,0,E7E 8RB
JacobStanley84,Jacob,Stanley,84,Male,True,2,married or civil partner,36756,15414,N/A,0,CT15 6UG
AimeeLewis67,Aimee,Lewis,67,Female,False,3,single,94620,0,"Williams, Newton and Evans",19.78,B0D 6TT
EileenMcCarthy66,Eileen,McCarthy,66,Female,False,2,single,90695,0,Barton LLC,19.26,WC9A 0BW
FrankBegum61,Frank,Begum,61,Male,False,3,married or civil partner,39193,0,Read-Armstrong,10.95,L39 8TU
AlexAli39,Alex,Ali,39,Male,False,2,single,82173,0,"Cook, Robinson and Barker",18.09,CA4 5LH
MarcWilliams28,Marc,Williams,28,Male,False,3,married or civil partner,67654,0,Bird-Nixon,15.96,M4 9FT
HilaryCarr61,Hilary,Carr,61,Female,False,1,married or civil partner,80661,0,Gray Inc,17.88,B10 5JP
RussellCoates71,Russell,Coates,71,Male,False,2,single,92103,0,Patterson-Hill,19.45,G9 0RR
GraemeFoster23,Graeme,Foster,23,Male,False,2,married or civil partner,59810,0,"Willis, Rowe and Rose",14.7,W9 4PS
IanRice69,Ian,Rice,69,Male,True,1,married or civil partner,77045,31723,N/A,0,FK1H 1ST
MariaCampbell22,Maria,Campbell,22,Female,False,4,married or civil partner,87645,0,Walsh Group,18.85,L2G 0BN
JaneScott56,Jane,Scott,56,Female,False,3,married or civil partner,35010,0,Hughes-Morton,10.07,N81 9UP
GlenDennis58,Glen,Dennis,58,Male,False,2,married or civil partner,46596,0,Chapman Inc,12.39,W93 0TY
LawrenceFord77,Lawrence,Ford,77,Male,True,2,divorced,28723,25499,N/A,0,CR75 7PN
GuyReid43,Guy,Reid,43,Male,False,2,single,79263,0,Dunn-Davies,17.68,SY7P 9PH
DamienWilliams71,Damien,Williams,71,Male,True,2,married or civil partner,32442,16322,N/A,0,N9S 4PE
LucyDean29,Lucy,Dean,29,Female,False,2,married or civil partner,80107,0,Edwards-Lloyd,17.8,W7E 1SD
HannahPerry69,Hannah,Perry,69,Female,False,1,married or civil partner,67064,0,Frost-Taylor,15.86,NP21 5JT
ScottSanderson81,Scott,Sanderson,81,Male,True,1,married or civil partner,47755,30875,N/A,0,S5J 3HH
CallumEvans69,Callum,Evans,69,Male,False,2,married or civil partner,35933,0,Stone PLC,10.27,WR8B 3YW
KayleighFox64,Kayleigh,Fox,64,Female,False,2,married or civil partner,44746,0,Smith-Brady,12.04,PH0X 8NR
ShaneRoberts40,Shane,Roberts,40,Male,False,3,married or civil partner,68303,0,Scott-Rose,16.06,IP0W 9XS
AbdulKelly79,Abdul,Kelly,79,Male,True,3,married or civil partner,51973,32997,N/A,0,KW93 0QY
JustinWalker29,Justin,Walker,29,Male,False,1,married or civil partner,93218,0,"O'Brien, Jackson and Parker",19.6,CH9W 2TT
GeoffreyWalters91,Geoffrey,Walters,91,Male,True,3,married or civil partner,26191,28077,N/A,0,W28 0RE
JayneBailey18,Jayne,Bailey,18,Female,False,3,single,21063,0,"Khan, Wilson and Dixon",6.69,M5T 3ZW
MartynKing87,Martyn,King,87,Male,True,2,married or civil partner,52257,37681,N/A,0,B03 0YX
VanessaClarke40,Vanessa,Clarke,40,Female,False,2,married or civil partner,95988,0,Williams-Clark,19.96,B2 9LZ
MarianBarry72,Marian,Barry,72,Female,False,3,married or civil partner,45292,0,"Jones, Smith and Mann",12.15,BA4 4RA
LorraineWyatt52,Lorraine,Wyatt,52,Female,False,2,divorced,36048,0,Gardner LLC,10.3,W8G 7WP
JohnFerguson34,John,Ferguson,34,Male,False,3,widowed,89389,0,Hanson-Page,19.09,BD0 3QF
DamianHughes74,Damian,Hughes,74,Male,True,2,widowed,27359,27933,N/A,0,DT89 8BP
KatherineHiggins23,Katherine,Higgins,23,Female,False,2,single,55354,0,King-Brown,13.96,W8G 8AS
JordanHumphries69,Jordan,Humphries,69,Male,True,2,divorced,69964,27148,N/A,0,S58 9YY
OliverBuckley42,Oliver,Buckley,42,Male,False,3,married or civil partner,86580,0,Carpenter Inc,18.71,HR15 3BB
ZoeLamb68,Zoe,Lamb,68,Female,False,2,single,39242,0,Wood LLC,10.96,E1A 5SH
TimothyButler18,Timothy,Butler,18,Male,False,2,single,48267,0,"Allen, Dale and Foster",12.7,M20 9RX
HenryHussain45,Henry,Hussain,45,Male,False,2,single,86819,0,"Barnett, Wilson and Jones",18.74,B02 5WR
JodieRobinson77,Jodie,Robinson,77,Female,True,1,widowed,33507,21627,N/A,0,W1D 4TR
KarenEdwards44,Karen,Edwards,44,Female,False,2,single,26610,0,Harris Group,8.14,B2 3BA
EmilyGodfrey55,Emily,Godfrey,55,Female,False,2,married or civil partner,92887,0,"Hancock, Hughes and Taylor",19.55,CR1Y 7RD
LewisBegum41,Lewis,Begum,41,Male,False,1,married or civil partner,90655,0,"Cooper, Horton and McKenzie",19.26,CV5 4GB
ValerieSmith28,Valerie,Smith,28,Female,False,2,divorced,91221,0,"Lloyd, Williams and Ball",19.33,S60 1LG
JoshuaSmith90,Joshua,Smith,90,Male,True,2,married or civil partner,94703,35109,N/A,0,WR25 5HL
GaryYates49,Gary,Yates,49,Male,False,2,married or civil partner,82495,0,Shah-Taylor,18.14,G8 5RH
JoanneFowler62,Joanne,Fowler,62,Female,False,1,single,75392,0,Green-Begum,17.12,DH93 9WF
JillCampbell48,Jill,Campbell,48,Female,False,2,married or civil partner,45077,0,"Watson, Thomas and Smith",12.11,RM1 3JX
MartynGardner82,Martyn,Gardner,82,Male,True,3,single,37030,39512,N/A,0,N4J 4SP
GarethFletcher27,Gareth,Fletcher,27,Male,False,5,married or civil partner,76732,0,Ford-Taylor,17.32,L0 3UR
MarcusRichardson82,Marcus,Richardson,82,Male,True,1,married or civil partner,17528,16683,N/A,0,E9S 2PT
AshleighJohnson36,Ashleigh,Johnson,36,Female,False,1,single,60459,0,"Williams, Ross and Allen",14.81,KW0 2LN
DavidHill72,David,Hill,72,Male,False,2,married or civil partner,73453,0,Sheppard and Sons,16.84,B4 0AZ
AlanPayne89,Alan,Payne,89,Male,True,1,single,65772,33116,N/A,0,M06 6DT
KyleEdwards72,Kyle,Edwards,72,Male,False,1,single,32738,0,Harrison Ltd,9.58,CT3 8SG
JuneLamb27,June,Lamb,27,Female,False,2,single,45380,0,Bolton-Morgan,12.16,G05 9JG
AmeliaMorgan80,Amelia,Morgan,80,Female,True,2,married or civil partner,96082,28712,N/A,0,AL64 6WQ
CliffordTomlinson77,Clifford,Tomlinson,77,Male,False,2,married or civil partner,21873,0,Hunt LLC,6.92,HX4 6BS
RossLaw47,Ross,Law,47,Male,False,2,married or civil partner,92164,0,Lamb-Hall,19.46,PH4E 6GS
GeoffreyPhillips86,Geoffrey,Phillips,86,Male,True,1,married or civil partner,67694,26505,N/A,0,HD7W 7HY
IainO'Brien65,Iain,O'Brien,65,Male,False,4,single,77682,0,Nash-Graham,17.45,N9 2BN
KathrynWilliams79,Kathryn,Williams,79,Female,True,3,single,52498,9259,N/A,0,TS7R 3RT
EmilyShaw37,Emily,Shaw,37,Female,False,2,single,67090,0,Barnes-Francis,15.87,TF0 3XZ
RogerHammond75,Roger,Hammond,75,Male,True,2,widowed,69149,34813,N/A,0,DG5B 1TJ
HazelHarris57,Hazel,Harris,57,Female,False,3,divorced,83780,0,"Read, Hudson and Joyce",18.32,SL16 8TN
SamWells19,Sam,Wells,19,Male,False,2,married or civil partner,61017,0,Williams Ltd,14.9,YO8 6RA
RoyDaniels50,Roy,Daniels,50,Male,False,2,married or civil partner,28145,0,Ingram and Sons,8.52,NN5Y 2WH
IainWilliamson27,Iain,Williamson,27,Male,False,2,married or civil partner,85890,0,Rose Inc,18.61,W27 4YS
SarahBrown83,Sarah,Brown,83,Female,True,2,married or civil partner,20948,23503,N/A,0,NG51 3FS
HannahBrookes32,Hannah,Brookes,32,Female,False,3,married or civil partner,91878,0,"Patterson, Atkinson and Stewart",19.42,B1F 3QD
CallumGray26,Callum,Gray,26,Male,False,,single,40935,0,Pearson Ltd,11.3,S3 5JA
MatthewRose32,Matthew,Rose,32,Male,False,5,married or civil partner,33037,0,Mills PLC,9.64,HX7W 1DE
ArthurMoore69,Arthur,Moore,69,Male,True,2,married or civil partner,22737,34906,N/A,0,CB45 1LW
JamieHenderson45,Jamie,Henderson,45,Male,False,2,single,51784,0,"Webster, Murray and Cooke",13.33,CA6 1JB
PaigeSaunders36,Paige,Saunders,36,Female,False,2,single,88129,0,"Russell, Phillips and Anderson",18.92,LD8A 0LQ
PeterParkinson40,Peter,Parkinson,40,Male,False,2,married or civil partner,21406,0,"Barrett, Johnson and Rahman",6.79,RH51 9SB
JessicaMorris69,Jessica,Morris,69,Female,True,3,single,64226,29978,N/A,0,M5G 1UU
CharlotteBird39,Charlotte,Bird,39,Female,False,2,single,57140,0,Turner and Sons,14.26,ZE4A 8UY
RobertSmith54,Robert,Smith,54,Male,False,2,married or civil partner,73511,0,Mahmood-Hayes,16.84,S9J 9RW
BarryMoore18,Barry,Moore,18,Male,False,2,single,84864,0,Smith and Sons,18.47,N39 3YR
JonathanHerbert72,Jonathan,Herbert,72,Male,False,4,single,82293,0,Williams-Ryan,18.11,W0 4BE
CarolMartin56,Carol,Martin,56,Female,False,2,married or civil partner,34248,0,Lee-Khan,9.91,E61 2LW
IanMason52,Ian,Mason,52,Male,False,1,married or civil partner,82496,0,Richardson-Field,18.14,OL7B 6GR
MartinWhite79,Martin,White,79,Male,True,1,single,89006,35456,N/A,0,G9F 4YQ
AliceWebb89,Alice,Webb,89,Female,True,1,married or civil partner,88283,9899,N/A,0,N02 4UN
RachelJones49,Rachel,Jones,49,Female,False,1,married or civil partner,18658,0,Hughes Group,6.0,B27 9FL
HughEvans90,Hugh,Evans,90,Male,True,1,widowed,90490,14393,N/A,0,WA0Y 7EP
DonnaBradley50,Donna,Bradley,50,Female,False,3,single,18050,0,"Miles, Bailey and Thomas",5.82,L9S 7XP
JackBennett58,Jack,Bennett,58,Male,False,4,single,56085,0,Turner-Bradley,14.08,S0B 7RH
JacquelineBoyle85,Jacqueline,Boyle,85,Female,True,1,married or civil partner,34031,32844,N/A,0,PL98 3RZ
SamuelRees59,Samuel,Rees,59,Male,False,2,married or civil partner,92089,0,Hughes-Chamberlain,19.45,W9B 3HZ
JessicaMurray74,Jessica,Murray,74,Female,True,2,married or civil partner,18279,33307,N/A,0,NR6 6WX
RogerPope57,Roger,Pope,57,Male,False,2,single,64546,0,Thomas LLC,15.47,BB89 7BA
StanleyCook69,Stanley,Cook,69,Male,False,2,single,32924,0,"Page, Sullivan and Stephens",9.62,TQ9H 8BY
OliviaGray71,Olivia,Gray,71,Female,True,3,divorced,72345,21357,N/A,0,SP88 1AH
RichardReid41,Richard,Reid,41,Male,False,2,married or civil partner,34357,0,"Daniels, Winter and Berry",9.93,ML7M 5JF
AnnetteWatson72,Annette,Watson,72,Female,True,2,single,72113,36815,N/A,0,KA6M 2WH
GeorginaDaniels76,Georgina,Daniels,76,Female,True,4,single,96335,21424,N/A,0,E6 3XG
DavidBaker67,David,Baker,67,Male,False,2,single,64905,0,Warren LLC,15.53,S6 4EU
LeanneClayton19,Leanne,Clayton,19,Female,False,2,divorced,20200,0,Marshall Group,6.45,BL8N 4AG
AmyBegum41,Amy,Begum,41,Female,False,3,married or civil partner,75306,0,"Henderson, Holmes and Shah",17.11,PH6B 5SS
HughLittle27,Hugh,Little,27,Male,False,3,married or civil partner,96225,0,Wilkinson LLC,19.99,B55 3EN
DannyGiles83,Danny,Giles,83,Male,True,3,married or civil partner,45309,26845,N/A,0,TN0 2ES
SamanthaNorman19,Samantha,Norman,19,Female,False,2,married or civil partner,93202,0,Andrews Ltd,19.6,FK0R 6RL
GaryMiller30,Gary,Miller,30,Male,False,3,single,97067,0,Godfrey Inc,20.1,M3 4BR
LindseyBailey23,Lindsey,Bailey,23,Female,False,2,married or civil partner,87343,0,"Edwards, Hayward and Moore",18.81,N88 3LQ
GeorgiaPower81,Georgia,Power,81,Female,True,2,divorced,27643,22434,N/A,0,GL2W 9TD
LorraineHargreaves77,Lorraine,Hargreaves,77,Female,True,3,married or civil partner,70712,30123,N/A,0,WF2X 8AW
KellyMoss80,Kelly,Moss,80,Female,True,2,married or civil partner,21241,28358,N/A,0,GY0 2BU
NatalieBarber71,Natalie,Barber,71,Female,False,4,single,96232,0,"Norris, Gray and Dixon",19.99,DT5H 5DU
TracyMellor27,Tracy,Mellor,27,Female,False,4,divorced,84439,0,"Edwards, Riley and Taylor",18.41,S5G 7LJ
KathleenPhillips81,Kathleen,Phillips,81,Female,False,2,married or civil partner,17131,0,Edwards Group,5.54,E7 9LP
CarlJennings75,Carl,Jennings,75,Male,False,3,divorced,21316,0,Jordan and Sons,6.76,M3 9PZ
GeorgiaLyons27,Georgia,Lyons,27,Female,False,2,single,25298,0,Phillips-Smith,7.81,E7 6FH
ScottNewman20,Scott,Newman,20,Male,False,2,single,58496,0,"Bates, Jones and White",14.49,G8 9NX
YvonneAndrews71,Yvonne,Andrews,71,Female,True,2,single,41897,29021,N/A,0,B1T 4ZJ
DonaldBell47,Donald,Bell,47,Male,False,2,married or civil partner,63350,0,Watts Ltd,15.28,L1 0GU
HarryCarter40,Harry,Carter,40,Male,False,4,married or civil partner,32464,0,Webster LLC,9.52,SR6A 9SR
GeoffreyRichardson62,Geoffrey,Richardson,62,Male,False,2,married or civil partner,56931,0,Patel Group,14.22,HS9B 6NF
SusanHall62,Susan,Hall,62,Female,False,4,married or civil partner,68033,0,Bailey Group,16.01,L87 5DE
RickyCrawford84,Ricky,Crawford,84,Male,True,1,single,35372,20160,N/A,0,WR57 9SA
PhillipButler79,Phillip,Butler,79,Male,True,2,married or civil partner,97278,23831,N/A,0,N1T 6HW
SallyThomas62,Sally,Thomas,62,Female,False,4,married or civil partner,73491,0,"Patel, Fleming and O'Sullivan",16.84,LS0W 0YL
StaceyBrown51,Stacey,Brown,51,Female,False,3,married or civil partner,78298,0,Hughes-Duncan,17.54,TF05 4DQ
JulianRandall86,Julian,Randall,86,Male,True,2,single,63117,12009,N/A,0,G3 0WL
ThomasMartin72,Thomas,Martin,72,Male,False,4,single,74409,0,"Patel, Horton and Jackson",16.98,E9H 5BL
LeonardRobinson88,Leonard,Robinson,88,Male,True,3,single,41268,34044,N/A,0,PE6X 7FW
GavinArnold69,Gavin,Arnold,69,Male,False,1,single,69134,0,"Morris, Harding and Price",16.18,PL68 6GU
LynneSmith91,Lynne,Smith,91,Female,True,,widowed,64010,25721,N/A,0,FY86 6XU
DeborahDavies28,Deborah,Davies,28,Female,False,2,married or civil partner,69177,0,"Chapman, Price and Harris",16.19,CV7 0BG
GraemeAhmed62,Graeme,Ahmed,62,Male,False,2,married or civil partner,82747,0,Wilkinson Group,18.18,B3F 0RG
ReeceHargreaves44,Reece,Hargreaves,44,Male,False,2,married or civil partner,54063,0,Patel and Sons,13.73,S74 6NH
BradleyJohnson90,Bradley,Johnson,90,Male,True,2,divorced,84264,21177,N/A,0,N89 4LE
RobinYoung48,Robin,Young,48,Male,False,3,single,26925,0,Begum-Fletcher,8.22,L4B 5HR
KarlJohnson78,Karl,Johnson,78,Male,True,1,married or civil partner,43283,29743,N/A,0,LU8V 7UT
PamelaBailey45,Pamela,Bailey,45,Female,False,4,married or civil partner,98577,0,"Campbell, Chapman and Nelson",20.3,EX3 5HQ
GordonDavies72,Gordon,Davies,72,Male,False,1,married or civil partner,93840,0,"Barber, Lane and Mitchell",19.68,N4 7SH
RonaldDavies54,Ronald,Davies,54,Male,False,2,married or civil partner,32653,0,"Hughes, Jackson and Warner",9.56,M5U 6JD
LydiaJones55,Lydia,Jones,55,Female,False,1,single,72074,0,"Rowley, Singh and Hartley",16.63,EN8 1YD
MandyParsons52,Mandy,Parsons,52,Female,False,5,single,41296,0,"Parker, Morgan and Hall",11.37,M5 1UE
BarbaraChamberlain64,Barbara,Chamberlain,64,Female,False,1,married or civil partner,51695,0,Moore Group,13.32,CO76 4JL
ElaineCunningham59,Elaine,Cunningham,59,Female,False,2,single,72301,0,Freeman-Bull,16.66,L67 6GG
OwenJones74,Owen,Jones,74,Male,True,1,single,49170,18000,N/A,0,B53 7ZZ
GarethWalsh18,Gareth,Walsh,18,Male,False,2,married or civil partner,70393,0,Walker-Mason,16.38,W2 3EQ
BenMartin84,Ben,Martin,84,Male,True,2,married or civil partner,36302,-5002,N/A,0,LE65 6HR
AmandaHarris63,Amanda,Harris,63,Female,False,3,single,28093,0,Jones Inc,8.5,SL0 6EB
JenniferJames37,Jennifer,James,37,Female,False,4,single,42140,0,Thornton and Sons,11.54,PR7X 7XA
KyleHughes65,Kyle,Hughes,65,Male,False,2,single,34243,0,Clarke PLC,9.91,G9T 8AE
WilliamHamilton67,William,Hamilton,67,Male,True,3,divorced,20206,20384,N/A,0,TA2N 5PN
HenryPhillips86,Henry,Phillips,86,Male,True,2,single,63117,17657,N/A,0,M1 3ZR
PatrickRichardson72,Patrick,Richardson,72,Male,False,1,single,28193,0,"Harris, Watkins and Jones",8.53,IV9 5TH
OliviaMurphy49,Olivia,Murphy,49,Female,False,3,married or civil partner,59687,0,Perry and Sons,14.68,N85 0SF
KayleighGraham68,Kayleigh,Graham,68,Female,False,2,single,97034,0,"Saunders, Parker and Harrison",20.1,WS15 5QQ
ElizabethSanders79,Elizabeth,Sanders,79,Female,True,4,married or civil partner,84998,29352,N/A,0,PE02 2HT
LeanneAndrews86,Leanne,Andrews,86,Female,True,2,married or civil partner,42885,28088,N/A,0,N94 0DW
DawnRoss51,Dawn,Ross,51,Female,False,2,single,74279,0,"Lewis, Lawson and Todd",16.96,E9 4EF
RogerMason42,Roger,Mason,42,Male,False,,single,23548,0,"Douglas, Black and Lynch",7.36,N8E 0AD
CarlyCox24,Carly,Cox,24,Female,False,4,married or civil partner,41648,0,Robinson PLC,11.44,L84 0RQ
GeoffreyGough72,Geoffrey,Gough,72,Male,True,2,married or civil partner,62256,27938,N/A,0,WD32 8RH
KatieReed70,Katie,Reed,70,Female,True,1,married or civil partner,98694,28089,N/A,0,G70 5YZ
LiamWood49,Liam,Wood,49,Male,False,3,single,45432,0,"Hussain, Ali and Hudson",12.17,LE2W 6DG
MathewJones73,Mathew,Jones,73,Male,True,2,single,93738,18465,N/A,0,CO8N 7AX
MathewLambert58,Mathew,Lambert,58,Male,False,2,widowed,72051,0,Kelly Inc,16.63,NR48 5XW
TracyHolloway55,Tracy,Holloway,55,Female,False,2,married or civil partner,37494,0,Begum-Edwards,10.6,BR1A 7AP
GlenEdwards54,Glen,Edwards,54,Male,False,2,married or civil partner,96160,0,Parry-Evans,19.98,OX70 7JH
AlisonSutton64,Alison,Sutton,64,Female,False,2,married or civil partner,42863,0,"Hale, Pearce and Cooper",11.68,E2D 0NL
JasmineStevens84,Jasmine,Stevens,84,Female,True,1,married or civil partner,41595,18977,N/A,0,SG9M 0WF
AllanMartin27,Allan,Martin,27,Male,False,2,single,88955,0,"Simpson, Smith and Fuller",19.03,S8A 0TB
HowardDoyle37,Howard,Doyle,37,Male,False,2,married or civil partner,36635,0,"Williams, Parker and Campbell",10.42,W33 8NX
SuzanneWright36,Suzanne,Wright,36,Female,False,1,single,74783,0,Sinclair-Williams,17.03,B35 9TG
BarryGray83,Barry,Gray,83,Male,True,2,widowed,51579,32558,N/A,0,LU33 8ZG
TrevorSykes64,Trevor,Sykes,64,Male,False,3,single,95336,0,Mitchell-Gill,19.88,N5 6FU
PatriciaLee67,Patricia,Lee,67,Female,True,1,divorced,74828,31097,N/A,0,IG11 0XE
DianaBirch19,Diana,Birch,19,Female,False,1,married or civil partner,76891,0,French-Brooks,17.34,M22 7ZN
JoshGough58,Josh,Gough,58,Male,False,3,divorced,87847,0,Newman-Greenwood,18.88,N7U 5ES
JustinDoyle38,Justin,Doyle,38,Male,False,2,married or civil partner,51910,0,Hughes-Frost,13.36,W71 5US
ArthurLawson70,Arthur,Lawson,70,Male,False,2,married or civil partner,22867,0,Howard-Cross,7.18,G1U 1DL
ConnorRoss32,Connor,Ross,32,Male,False,5,married or civil partner,17350,0,"Cooper, Hill and Wood",5.61,BB6A 6ST
ElizabethHarding50,Elizabeth,Harding,50,Female,False,1,married or civil partner,19572,0,Foster-Bailey,6.27,EN84 1ZE
NaomiTaylor59,Naomi,Taylor,59,Female,False,2,married or civil partner,95235,0,Gilbert-Hunt,19.86,PO80 5AT
RosemaryWilson91,Rosemary,Wilson,91,Female,True,4,divorced,31397,20195,N/A,0,LE8V 6SE
KellyDickinson72,Kelly,Dickinson,72,Female,False,2,single,56019,0,Parkinson-Mills,14.07,BB1R 3BQ
GillianJohnson64,Gillian,Johnson,64,Female,False,2,divorced,48904,0,"Knight, Wilkins and Richards",12.82,B0 8YA
MichaelWilliams87,Michael,Williams,87,Male,True,2,married or civil partner,98820,26021,N/A,0,E3 5FT
RobinCook69,Robin,Cook,69,Male,False,1,married or civil partner,95868,0,Connolly Group,19.95,SE6 5BU
NeilCampbell56,Neil,Campbell,56,Male,False,5,married or civil partner,17551,0,"Brookes, Spencer and Henderson",5.67,E7 7RB
MartinSmith31,Martin,Smith,31,Male,False,1,single,88749,0,Robson PLC,19.0,W73 0YA
RobertNorton81,Robert,Norton,81,Male,False,1,married or civil partner,70249,0,"Green, Hill and Kaur",16.35,B90 1LS
RoyPugh37,Roy,Pugh,37,Male,False,2,married or civil partner,71202,0,Slater-Gill,16.5,G76 2AD
ZoeWells63,Zoe,Wells,63,Female,False,2,single,42811,0,"O'Connor, Black and Carroll",11.67,W6G 3EE
GlennBurke37,Glenn,Burke,37,Male,False,3,married or civil partner,50942,0,Foster-Edwards,13.18,HD1Y 3YF
JanetMorris89,Janet,Morris,89,Female,True,2,married or civil partner,58843,20592,N/A,0,W43 6NF
BarbaraStephens66,Barbara,Stephens,66,Female,True,1,married or civil partner,19657,36654,N/A,0,LD8 4NH
PaulineHunter48,Pauline,Hunter,48,Female,False,2,single,17051,0,"Smith, Griffiths and Rogers",5.52,B43 0XJ
SusanDavies68,Susan,Davies,68,Female,False,2,divorced,83193,0,Lamb-Knowles,18.24,CO80 5ZZ
KyleDunn81,Kyle,Dunn,81,Male,True,2,married or civil partner,70250,22358,N/A,0,E7 8RE
GraceBaldwin49,Grace,Baldwin,49,Female,False,1,widowed,44242,0,"Hall, Robinson and Farmer",11.95,BH1 8TS
StevenCooke60,Steven,Cooke,60,Male,False,4,widowed,72138,0,"Hall, Smith and James",16.64,YO8A 1JH
GillianRoberts82,Gillian,Roberts,82,Female,True,3,married or civil partner,62670,18474,N/A,0,L8 1FJ
EleanorHowe72,Eleanor,Howe,72,Female,False,2,divorced,66630,0,Burton-Williams,15.8,CV75 4SX
MeganReid28,Megan,Reid,28,Female,False,2,single,86916,0,Jones-Rogers,18.75,S8K 0ET
KarenConnolly20,Karen,Connolly,20,Female,False,1,single,63397,0,Lees-Pearce,15.29,ST3 5ET
JanetRiley31,Janet,Riley,31,Female,False,2,married or civil partner,21378,0,Walters Group,6.78,M21 9ZT
KayleighCox40,Kayleigh,Cox,40,Female,False,2,married or civil partner,48646,0,"Carter, White and Archer",12.77,ME6H 1YW
RyanHudson48,Ryan,Hudson,48,Male,False,2,divorced,39903,0,Hayward LLC,11.09,SE13 5XA
LauraWhite91,Laura,White,91,Female,True,3,widowed,17405,7509,N/A,0,N6U 9GZ
JoelMiddleton65,Joel,Middleton,65,Male,False,2,married or civil partner,29771,0,Dawson-Miles,8.9,W5 7TS
GerardMcLean53,Gerard,McLean,53,Male,False,2,married or civil partner,98748,0,"Robinson, Dennis and Hussain",20.32,CR38 9JG
JeremyDavies28,Jeremy,Davies,28,Male,False,2,single,40182,0,Mills LLC,11.15,G3S 6TT
TinaRogers44,Tina,Rogers,44,Female,False,3,married or civil partner,39968,0,Thompson and Sons,11.11,SN4W 0TL
MollyWilson25,Molly,Wilson,25,Female,False,2,single,83412,0,Reeves Group,18.27,CF6 3PQ
GeorgiaAustin36,Georgia,Austin,36,Female,False,2,single,54174,0,Wilson Group,13.75,DG9 6SD
RosieStewart21,Rosie,Stewart,21,Female,False,2,married or civil partner,19952,0,Woods Group,6.38,SK4H 1QG
CallumMorris36,Callum,Morris,36,Male,False,2,single,57847,0,Young Ltd,14.38,M50 1TD
JoanneWilliams31,Joanne,Williams,31,Female,False,5,married or civil partner,81283,0,Lee PLC,17.97,BL7R 2YU
KatherineCartwright18,Katherine,Cartwright,18,Female,False,3,single,73987,0,Matthews Group,16.91,LN99 1ZJ
MalcolmBuckley22,Malcolm,Buckley,22,Male,False,3,single,35295,0,"Evans, Roberts and Richards",10.14,SA78 0ZY
GavinYoung18,Gavin,Young,18,Male,False,2,single,75889,0,Lynch-Johnson,17.19,LL5 6SF
LeonardHarris77,Leonard,Harris,77,Male,True,3,single,27267,26584,N/A,0,DY63 2HB
RitaGriffiths38,Rita,Griffiths,38,Female,False,1,married or civil partner,20395,0,Taylor and Sons,6.51,B80 6YD
LewisColeman47,Lewis,Coleman,47,Male,False,1,married or civil partner,77787,0,Davies LLC,17.47,CR48 9WU
KarlKnight79,Karl,Knight,79,Male,True,2,single,75816,7736,N/A,0,E46 5PL
HowardMorris59,Howard,Morris,59,Male,False,2,single,81298,0,"Thomas, Clark and Chan",17.97,KA5A 3FW
MargaretJennings87,Margaret,Jennings,87,Female,True,1,married or civil partner,27724,24040,N/A,0,B3 5WQ
DominicWebb48,Dominic,Webb,48,Male,False,1,single,27704,0,Hughes LLC,8.41,DT9A 2NE
KimGibson39,Kim,Gibson,39,Female,False,3,widowed,49361,0,Jones Ltd,12.9,N2 3UA
MargaretBall19,Margaret,Ball,19,Female,False,4,married or civil partner,41431,0,"Lamb, Wilson and Jennings",11.4,M89 7WX
DonnaThornton33,Donna,Thornton,33,Female,False,3,single,45860,0,Watkins Inc,12.25,FK6H 3PE
KathleenHart32,Kathleen,Hart,32,Female,False,2,married or civil partner,66409,0,Taylor-Burton,15.76,SK1 6PG
GarethJennings39,Gareth,Jennings,39,Male,False,2,married or civil partner,25376,0,Wood-Clarke,7.83,ML5Y 9ZF
JeanBarber51,Jean,Barber,51,Female,False,2,married or civil partner,71749,0,Robson-Skinner,16.58,DN7H 2YB
KarenStewart28,Karen,Stewart,28,Female,False,2,married or civil partner,39249,0,Holden-Young,10.96,M32 3RA
NigelRobson58,Nigel,Robson,58,Male,False,3,married or civil partner,67198,0,Hughes and Sons,15.88,S3F 2SX
JosephineBishop76,Josephine,Bishop,76,Female,True,3,single,51827,28140,N/A,0,BH6 3SE
HughFowler81,Hugh,Fowler,81,Male,True,1,single,91703,18888,N/A,0,WC2M 6QD
JulianSheppard43,Julian,Sheppard,43,Male,False,2,married or civil partner,60457,0,Palmer Ltd,14.81,G92 1TU
KimberleyBailey81,Kimberley,Bailey,81,Female,True,2,married or civil partner,76817,8988,N/A,0,B9 2WT
AaronHodgson72,Aaron,Hodgson,72,Male,True,2,single,95927,15052,N/A,0,B20 4HD
KarlMiles72,Karl,Miles,72,Male,True,2,married or civil partner,96950,16555,N/A,0,M2 4ZQ
ElliottClarke72,Elliott,Clarke,72,Male,False,2,married or civil partner,27889,0,"Barnett, Anderson and Johnson",8.45,W4 3DE
GeoffreyDavies30,Geoffrey,Davies,30,Male,False,1,married or civil partner,33951,0,Graham Inc,9.84,G5 8EB
HeatherHaynes70,Heather,Haynes,70,Female,True,2,widowed,48098,18434,N/A,0,B0T 7NU
CarolWilliams28,Carol,Williams,28,Female,False,4,widowed,51497,0,"Begum, Ferguson and Mason",13.28,W2 3GD
JillPearce69,Jill,Pearce,69,Female,False,2,married or civil partner,88565,0,"Watts, Tomlinson and Hill",18.98,RH29 3QE
LewisPhillips53,Lewis,Phillips,53,Male,False,2,divorced,26886,0,"Morgan, Davies and Walters",8.21,G15 8ZJ
RosieAlexander65,Rosie,Alexander,65,Female,False,2,divorced,69030,0,Elliott Group,16.17,B7 5ER
SianKaur53,Sian,Kaur,53,Female,False,2,married or civil partner,60425,0,Woods LLC,14.8,DN1R 7WE
MaryFlynn84,Mary,Flynn,84,Female,True,1,divorced,62715,27792,N/A,0,LD6 5YG
LukeWilliams77,Luke,Williams,77,Male,True,2,married or civil partner,91238,10008,N/A,0,E6B 0LJ
SophieHale48,Sophie,Hale,48,Female,False,2,single,26041,0,Day Group,8.0,B7 0JY
SuzanneWilkinson45,Suzanne,Wilkinson,45,Female,False,4,single,33249,0,King LLC,9.69,AB2 6PN
JuliaBurton80,Julia,Burton,80,Female,True,3,married or civil partner,64065,33414,N/A,0,CF3 2XQ
SusanBenson70,Susan,Benson,70,Female,True,2,married or civil partner,92473,33948,N/A,0,NG88 8QE
LouiseBarnett53,Louise,Barnett,53,Female,False,4,single,21929,0,Williams-Stone,6.93,EX1E 2JD
LouiseWade50,Louise,Wade,50,Female,False,2,single,94866,0,"Harris, Clements and Morgan",19.81,AB1P 2EX
BrandonSharpe30,Brandon,Sharpe,30,Male,False,2,married or civil partner,55142,0,"Cross, Hill and Hill",13.92,DE99 7YZ
CaroleTurner58,Carole,Turner,58,Female,False,2,married or civil partner,55737,0,Martin-Dawson,14.02,N9D 3LZ
DominicSmith40,Dominic,Smith,40,Male,False,2,married or civil partner,42413,0,"Hill, Archer and Ellis",11.59,B0 1BF
PamelaHewitt21,Pamela,Hewitt,21,Female,False,3,single,30655,0,Allen-Jones,9.11,ME65 5XL
DannyJones90,Danny,Jones,90,Male,True,2,single,63487,21203,N/A,0,WR0V 1YL
AmandaKnight76,Amanda,Knight,76,Female,True,4,single,50953,14446,N/A,0,GY1 2XW
MaxSmith37,Max,Smith,37,Male,False,2,single,76594,0,"Morgan, Brown and Thomson",17.3,HU2Y 7BY
RitaGreen47,Rita,Green,47,Female,False,2,married or civil partner,47667,0,"Parry, Day and Cooper",12.59,W3 4SH
EmilyHolland41,Emily,Holland,41,Female,False,1,married or civil partner,92454,0,Ellis-Robertson,19.5,M9 4BD
SophieNaylor28,Sophie,Naylor,28,Female,False,2,single,74069,0,"Hartley, Stanley and Thompson",16.93,E84 2EL
NicoleO'Brien72,Nicole,O'Brien,72,Female,False,4,married or civil partner,27664,0,"Jones, Oliver and White",8.4,WC4E 5NA
LeanneBirch89,Leanne,Birch,89,Female,True,3,married or civil partner,29355,15314,N/A,0,DT1 7YH
KimberleyDixon40,Kimberley,Dixon,40,Female,False,3,married or civil partner,51732,0,"Holmes, Palmer and Smith",13.32,DL78 6BH
NaomiAllan37,Naomi,Allan,37,Female,False,4,single,74781,0,Steele-Rowe,17.03,FY8E 0SA
JennaPerry33,Jenna,Perry,33,Female,False,2,married or civil partner,79611,0,Cooke Group,17.73,SO9 1TG
LynneGallagher44,Lynne,Gallagher,44,Female,False,2,married or civil partner,95570,0,Webster PLC,19.91,S9 7HL
ShannonO'Neill44,Shannon,O'Neill,44,Female,False,2,married or civil partner,78512,0,Sinclair Inc,17.57,MK7 9FD
SandraGill46,Sandra,Gill,46,Female,False,2,married or civil partner,94724,0,"Griffiths, Anderson and Knight",19.8,SY0 6DD
HelenHolland45,Helen,Holland,45,Female,False,2,single,73497,0,Smith LLC,16.84,L24 2GW
